-- MySQL dump 10.13  Distrib 8.0.42, for Win64 (x86_64)
--
-- Host: localhost    Database: smarthoteldb
-- ------------------------------------------------------
-- Server version	9.3.0

/*!40101 SET @OLD_CHARACTER_SET_CLIENT=@@CHARACTER_SET_CLIENT */;
/*!40101 SET @OLD_CHARACTER_SET_RESULTS=@@CHARACTER_SET_RESULTS */;
/*!40101 SET @OLD_COLLATION_CONNECTION=@@COLLATION_CONNECTION */;
/*!50503 SET NAMES utf8 */;
/*!40103 SET @OLD_TIME_ZONE=@@TIME_ZONE */;
/*!40103 SET TIME_ZONE='+00:00' */;
/*!40014 SET @OLD_UNIQUE_CHECKS=@@UNIQUE_CHECKS, UNIQUE_CHECKS=0 */;
/*!40014 SET @OLD_FOREIGN_KEY_CHECKS=@@FOREIGN_KEY_CHECKS, FOREIGN_KEY_CHECKS=0 */;
/*!40101 SET @OLD_SQL_MODE=@@SQL_MODE, SQL_MODE='NO_AUTO_VALUE_ON_ZERO' */;
/*!40111 SET @OLD_SQL_NOTES=@@SQL_NOTES, SQL_NOTES=0 */;

--
-- Table structure for table `customer_profile`
--

DROP TABLE IF EXISTS `customer_profile`;
/*!40101 SET @saved_cs_client     = @@character_set_client */;
/*!50503 SET character_set_client = utf8mb4 */;
CREATE TABLE `customer_profile` (
  `id` bigint NOT NULL AUTO_INCREMENT,
  `user_id` bigint DEFAULT NULL,
  `dob` date DEFAULT NULL,
  `address` varchar(500) CHARACTER SET utf8mb4 COLLATE utf8mb4_unicode_ci DEFAULT NULL,
  `loyalty_point` int DEFAULT '0',
  PRIMARY KEY (`id`),
  UNIQUE KEY `user_id` (`user_id`),
  CONSTRAINT `customer_profile_ibfk_1` FOREIGN KEY (`user_id`) REFERENCES `user` (`id`) ON DELETE SET NULL
) ENGINE=InnoDB AUTO_INCREMENT=63 DEFAULT CHARSET=utf8mb4 COLLATE=utf8mb4_unicode_ci;
/*!40101 SET character_set_client = @saved_cs_client */;

--
-- Dumping data for table `customer_profile`
--

LOCK TABLES `customer_profile` WRITE;
/*!40000 ALTER TABLE `customer_profile` DISABLE KEYS */;
INSERT INTO `customer_profile` VALUES (3,11,'1978-01-01','12 Nguyen Trai, Ha Noi',120),(4,12,'1979-02-02','13 Nguyen Trai, Ho Chi Minh City',157),(5,13,'1980-03-03','14 Nguyen Trai, Da Nang',194),(6,14,'1981-04-04','15 Nguyen Trai, Can Tho',231),(7,15,'1982-05-05','16 Nguyen Trai, Hai Phong',268),(8,16,'1983-06-06','17 Nguyen Trai, Nha Trang',305),(9,17,'1984-07-07','18 Nguyen Trai, Hue',342),(10,18,'1985-08-08','19 Nguyen Trai, Hoi An',379),(11,19,'1986-09-09','20 Nguyen Trai, Da Lat',416),(12,20,'1987-10-10','21 Nguyen Trai, Vung Tau',453),(13,21,'1988-11-11','22 Nguyen Trai, Ha Noi',490),(14,22,'1989-12-12','23 Nguyen Trai, Ho Chi Minh City',527),(15,23,'1990-01-13','24 Nguyen Trai, Da Nang',564),(16,24,'1991-02-14','25 Nguyen Trai, Can Tho',601),(17,25,'1992-03-15','26 Nguyen Trai, Hai Phong',638),(18,26,'1993-04-16','27 Nguyen Trai, Nha Trang',675),(19,27,'1994-05-17','28 Nguyen Trai, Hue',712),(20,28,'1995-06-18','29 Nguyen Trai, Hoi An',749),(21,29,'1996-07-19','30 Nguyen Trai, Da Lat',786),(22,30,'1997-08-20','31 Nguyen Trai, Vung Tau',823),(23,31,'1998-09-21','32 Nguyen Trai, Ha Noi',860),(24,32,'1999-10-22','33 Nguyen Trai, Ho Chi Minh City',897),(25,33,'2000-11-23','34 Nguyen Trai, Da Nang',934),(26,34,'2001-12-24','35 Nguyen Trai, Can Tho',971),(27,35,'2002-01-25','36 Nguyen Trai, Hai Phong',1008),(28,36,'2003-02-26','37 Nguyen Trai, Nha Trang',1045),(29,37,'2004-03-01','38 Nguyen Trai, Hue',1082),(30,38,'2005-04-02','39 Nguyen Trai, Hoi An',1119),(31,39,'1978-05-03','40 Nguyen Trai, Da Lat',1156),(32,40,'1979-06-04','41 Nguyen Trai, Vung Tau',1193),(33,41,'1980-07-05','42 Nguyen Trai, Ha Noi',1230),(34,42,'1981-08-06','43 Nguyen Trai, Ho Chi Minh City',1267),(35,43,'1982-09-07','44 Nguyen Trai, Da Nang',1304),(36,44,'1983-10-08','45 Nguyen Trai, Can Tho',1341),(37,45,'1984-11-09','46 Nguyen Trai, Hai Phong',1378),(38,46,'1985-12-10','47 Nguyen Trai, Nha Trang',1415),(39,47,'1986-01-11','48 Nguyen Trai, Hue',1452),(40,48,'1987-02-12','49 Nguyen Trai, Hoi An',1489),(41,49,'1988-03-13','50 Nguyen Trai, Da Lat',1526),(42,50,'1989-04-14','51 Nguyen Trai, Vung Tau',1563),(43,51,'1990-05-15','52 Nguyen Trai, Ha Noi',1600),(44,52,'1991-06-16','53 Nguyen Trai, Ho Chi Minh City',1637),(45,53,'1992-07-17','54 Nguyen Trai, Da Nang',1674),(46,54,'1993-08-18','55 Nguyen Trai, Can Tho',1711),(47,55,'1994-09-19','56 Nguyen Trai, Hai Phong',1748),(48,56,'1995-10-20','57 Nguyen Trai, Nha Trang',1785),(49,57,'1996-11-21','58 Nguyen Trai, Hue',1822),(50,58,'1997-12-22','59 Nguyen Trai, Hoi An',1859),(51,59,'1998-01-23','60 Nguyen Trai, Da Lat',1896),(52,60,'1999-02-24','61 Nguyen Trai, Vung Tau',1933),(53,61,'2000-03-25','62 Nguyen Trai, Ha Noi',1970),(54,62,'2001-04-26','63 Nguyen Trai, Ho Chi Minh City',2007),(55,63,'2002-05-01','64 Nguyen Trai, Da Nang',2044),(56,64,'2003-06-02','65 Nguyen Trai, Can Tho',2081),(57,65,'2004-07-03','66 Nguyen Trai, Hai Phong',2118),(58,66,'2005-08-04','67 Nguyen Trai, Nha Trang',2155),(59,67,'1978-09-05','68 Nguyen Trai, Hue',2192),(60,68,'1979-10-06','69 Nguyen Trai, Hoi An',2229),(61,69,'1980-11-07','70 Nguyen Trai, Da Lat',2266),(62,70,'1981-12-08','71 Nguyen Trai, Vung Tau',2303);
/*!40000 ALTER TABLE `customer_profile` ENABLE KEYS */;
UNLOCK TABLES;

--
-- Table structure for table `housekeeping_task`
--

DROP TABLE IF EXISTS `housekeeping_task`;
/*!40101 SET @saved_cs_client     = @@character_set_client */;
/*!50503 SET character_set_client = utf8mb4 */;
CREATE TABLE `housekeeping_task` (
  `id` bigint NOT NULL AUTO_INCREMENT,
  `room_id` bigint NOT NULL,
  `task` varchar(255) CHARACTER SET utf8mb4 COLLATE utf8mb4_unicode_ci NOT NULL,
  `status` enum('TODO','IN_PROGRESS','DONE') CHARACTER SET utf8mb4 COLLATE utf8mb4_unicode_ci DEFAULT 'TODO',
  `assignee_id` bigint DEFAULT NULL,
  `due_time` timestamp NULL DEFAULT NULL,
  `notes` text CHARACTER SET utf8mb4 COLLATE utf8mb4_unicode_ci,
  `created_at` timestamp NULL DEFAULT CURRENT_TIMESTAMP,
  `updated_at` timestamp NULL DEFAULT CURRENT_TIMESTAMP ON UPDATE CURRENT_TIMESTAMP,
  PRIMARY KEY (`id`),
  KEY `room_id` (`room_id`),
  KEY `assignee_id` (`assignee_id`),
  CONSTRAINT `housekeeping_task_ibfk_1` FOREIGN KEY (`room_id`) REFERENCES `room` (`id`) ON DELETE CASCADE,
  CONSTRAINT `housekeeping_task_ibfk_2` FOREIGN KEY (`assignee_id`) REFERENCES `user` (`id`) ON DELETE SET NULL
) ENGINE=InnoDB AUTO_INCREMENT=51 DEFAULT CHARSET=utf8mb4 COLLATE=utf8mb4_unicode_ci;
/*!40101 SET character_set_client = @saved_cs_client */;

--
-- Dumping data for table `housekeeping_task`
--

LOCK TABLES `housekeeping_task` WRITE;
/*!40000 ALTER TABLE `housekeeping_task` DISABLE KEYS */;
INSERT INTO `housekeeping_task` VALUES (1,69,'Don phong sau checkout','TODO',8,'2026-01-04 01:00:00','Tac vu mau de thong ke cong viec buong phong.','2026-01-03 21:00:00','2026-01-04 00:00:00'),(2,70,'Bo sung khan tam','IN_PROGRESS',9,'2026-01-06 02:00:00','Tac vu mau de thong ke cong viec buong phong.','2026-01-05 22:00:00','2026-01-06 01:00:00'),(3,71,'Kiem tra minibar','DONE',10,'2026-01-08 03:00:00','Tac vu mau de thong ke cong viec buong phong.','2026-01-07 23:00:00','2026-01-08 02:00:00'),(4,72,'Ve sinh phong tam','TODO',8,'2026-01-10 04:00:00','Tac vu mau de thong ke cong viec buong phong.','2026-01-10 00:00:00','2026-01-10 03:00:00'),(5,73,'Kiem tra dieu hoa','IN_PROGRESS',9,'2026-01-12 05:00:00','Tac vu mau de thong ke cong viec buong phong.','2026-01-12 01:00:00','2026-01-12 04:00:00'),(6,74,'Don phong sau checkout','DONE',10,'2026-01-14 01:00:00','Tac vu mau de thong ke cong viec buong phong.','2026-01-13 21:00:00','2026-01-14 00:00:00'),(7,75,'Bo sung khan tam','TODO',8,'2026-01-16 02:00:00','Tac vu mau de thong ke cong viec buong phong.','2026-01-15 22:00:00','2026-01-16 01:00:00'),(8,76,'Kiem tra minibar','IN_PROGRESS',9,'2026-01-18 03:00:00','Tac vu mau de thong ke cong viec buong phong.','2026-01-17 23:00:00','2026-01-18 02:00:00'),(9,77,'Ve sinh phong tam','DONE',10,'2026-01-20 04:00:00','Tac vu mau de thong ke cong viec buong phong.','2026-01-20 00:00:00','2026-01-20 03:00:00'),(10,78,'Kiem tra dieu hoa','TODO',8,'2026-01-22 05:00:00','Tac vu mau de thong ke cong viec buong phong.','2026-01-22 01:00:00','2026-01-22 04:00:00'),(11,79,'Don phong sau checkout','IN_PROGRESS',9,'2026-01-24 01:00:00','Tac vu mau de thong ke cong viec buong phong.','2026-01-23 21:00:00','2026-01-24 00:00:00'),(12,80,'Bo sung khan tam','DONE',10,'2026-01-26 02:00:00','Tac vu mau de thong ke cong viec buong phong.','2026-01-25 22:00:00','2026-01-26 01:00:00'),(13,81,'Kiem tra minibar','TODO',8,'2026-01-28 03:00:00','Tac vu mau de thong ke cong viec buong phong.','2026-01-27 23:00:00','2026-01-28 02:00:00'),(14,82,'Ve sinh phong tam','IN_PROGRESS',9,'2026-01-30 04:00:00','Tac vu mau de thong ke cong viec buong phong.','2026-01-30 00:00:00','2026-01-30 03:00:00'),(15,83,'Kiem tra dieu hoa','DONE',10,'2026-02-01 05:00:00','Tac vu mau de thong ke cong viec buong phong.','2026-02-01 01:00:00','2026-02-01 04:00:00'),(16,84,'Don phong sau checkout','TODO',8,'2026-02-03 01:00:00','Tac vu mau de thong ke cong viec buong phong.','2026-02-02 21:00:00','2026-02-03 00:00:00'),(17,85,'Bo sung khan tam','IN_PROGRESS',9,'2026-02-05 02:00:00','Tac vu mau de thong ke cong viec buong phong.','2026-02-04 22:00:00','2026-02-05 01:00:00'),(18,86,'Kiem tra minibar','DONE',10,'2026-02-07 03:00:00','Tac vu mau de thong ke cong viec buong phong.','2026-02-06 23:00:00','2026-02-07 02:00:00'),(19,69,'Ve sinh phong tam','TODO',8,'2026-02-09 04:00:00','Tac vu mau de thong ke cong viec buong phong.','2026-02-09 00:00:00','2026-02-09 03:00:00'),(20,70,'Kiem tra dieu hoa','IN_PROGRESS',9,'2026-02-11 05:00:00','Tac vu mau de thong ke cong viec buong phong.','2026-02-11 01:00:00','2026-02-11 04:00:00'),(21,71,'Don phong sau checkout','DONE',10,'2026-02-13 01:00:00','Tac vu mau de thong ke cong viec buong phong.','2026-02-12 21:00:00','2026-02-13 00:00:00'),(22,72,'Bo sung khan tam','TODO',8,'2026-02-15 02:00:00','Tac vu mau de thong ke cong viec buong phong.','2026-02-14 22:00:00','2026-02-15 01:00:00'),(23,73,'Kiem tra minibar','IN_PROGRESS',9,'2026-02-17 03:00:00','Tac vu mau de thong ke cong viec buong phong.','2026-02-16 23:00:00','2026-02-17 02:00:00'),(24,74,'Ve sinh phong tam','DONE',10,'2026-02-19 04:00:00','Tac vu mau de thong ke cong viec buong phong.','2026-02-19 00:00:00','2026-02-19 03:00:00'),(25,75,'Kiem tra dieu hoa','TODO',8,'2026-02-21 05:00:00','Tac vu mau de thong ke cong viec buong phong.','2026-02-21 01:00:00','2026-02-21 04:00:00'),(26,76,'Don phong sau checkout','IN_PROGRESS',9,'2026-02-23 01:00:00','Tac vu mau de thong ke cong viec buong phong.','2026-02-22 21:00:00','2026-02-23 00:00:00'),(27,77,'Bo sung khan tam','DONE',10,'2026-02-25 02:00:00','Tac vu mau de thong ke cong viec buong phong.','2026-02-24 22:00:00','2026-02-25 01:00:00'),(28,78,'Kiem tra minibar','TODO',8,'2026-02-27 03:00:00','Tac vu mau de thong ke cong viec buong phong.','2026-02-26 23:00:00','2026-02-27 02:00:00'),(29,79,'Ve sinh phong tam','IN_PROGRESS',9,'2026-03-01 04:00:00','Tac vu mau de thong ke cong viec buong phong.','2026-03-01 00:00:00','2026-03-01 03:00:00'),(30,80,'Kiem tra dieu hoa','DONE',10,'2026-03-03 05:00:00','Tac vu mau de thong ke cong viec buong phong.','2026-03-03 01:00:00','2026-03-03 04:00:00'),(31,81,'Don phong sau checkout','TODO',8,'2026-03-05 01:00:00','Tac vu mau de thong ke cong viec buong phong.','2026-03-04 21:00:00','2026-03-05 00:00:00'),(32,82,'Bo sung khan tam','IN_PROGRESS',9,'2026-03-07 02:00:00','Tac vu mau de thong ke cong viec buong phong.','2026-03-06 22:00:00','2026-03-07 01:00:00'),(33,83,'Kiem tra minibar','DONE',10,'2026-03-09 03:00:00','Tac vu mau de thong ke cong viec buong phong.','2026-03-08 23:00:00','2026-03-09 02:00:00'),(34,84,'Ve sinh phong tam','TODO',8,'2026-03-11 04:00:00','Tac vu mau de thong ke cong viec buong phong.','2026-03-11 00:00:00','2026-03-11 03:00:00'),(35,85,'Kiem tra dieu hoa','IN_PROGRESS',9,'2026-03-13 05:00:00','Tac vu mau de thong ke cong viec buong phong.','2026-03-13 01:00:00','2026-03-13 04:00:00'),(36,86,'Don phong sau checkout','DONE',10,'2026-03-15 01:00:00','Tac vu mau de thong ke cong viec buong phong.','2026-03-14 21:00:00','2026-03-15 00:00:00'),(37,69,'Bo sung khan tam','TODO',8,'2026-03-17 02:00:00','Tac vu mau de thong ke cong viec buong phong.','2026-03-16 22:00:00','2026-03-17 01:00:00'),(38,70,'Kiem tra minibar','IN_PROGRESS',9,'2026-03-19 03:00:00','Tac vu mau de thong ke cong viec buong phong.','2026-03-18 23:00:00','2026-03-19 02:00:00'),(39,71,'Ve sinh phong tam','DONE',10,'2026-03-21 04:00:00','Tac vu mau de thong ke cong viec buong phong.','2026-03-21 00:00:00','2026-03-21 03:00:00'),(40,72,'Kiem tra dieu hoa','TODO',8,'2026-03-23 05:00:00','Tac vu mau de thong ke cong viec buong phong.','2026-03-23 01:00:00','2026-03-23 04:00:00'),(41,73,'Don phong sau checkout','IN_PROGRESS',9,'2026-03-25 01:00:00','Tac vu mau de thong ke cong viec buong phong.','2026-03-24 21:00:00','2026-03-25 00:00:00'),(42,74,'Bo sung khan tam','DONE',10,'2026-03-27 02:00:00','Tac vu mau de thong ke cong viec buong phong.','2026-03-26 22:00:00','2026-03-27 01:00:00'),(43,75,'Kiem tra minibar','TODO',8,'2026-03-29 03:00:00','Tac vu mau de thong ke cong viec buong phong.','2026-03-28 23:00:00','2026-03-29 02:00:00'),(44,76,'Ve sinh phong tam','IN_PROGRESS',9,'2026-03-31 04:00:00','Tac vu mau de thong ke cong viec buong phong.','2026-03-31 00:00:00','2026-03-31 03:00:00'),(45,77,'Kiem tra dieu hoa','DONE',10,'2026-04-02 05:00:00','Tac vu mau de thong ke cong viec buong phong.','2026-04-02 01:00:00','2026-04-02 04:00:00'),(46,78,'Don phong sau checkout','TODO',8,'2026-04-04 01:00:00','Tac vu mau de thong ke cong viec buong phong.','2026-04-03 21:00:00','2026-04-04 00:00:00'),(47,79,'Bo sung khan tam','IN_PROGRESS',9,'2026-04-06 02:00:00','Tac vu mau de thong ke cong viec buong phong.','2026-04-05 22:00:00','2026-04-06 01:00:00'),(48,80,'Kiem tra minibar','DONE',10,'2026-04-08 03:00:00','Tac vu mau de thong ke cong viec buong phong.','2026-04-07 23:00:00','2026-04-08 02:00:00'),(49,81,'Ve sinh phong tam','TODO',8,'2026-04-10 04:00:00','Tac vu mau de thong ke cong viec buong phong.','2026-04-10 00:00:00','2026-04-10 03:00:00'),(50,82,'Kiem tra dieu hoa','IN_PROGRESS',9,'2026-04-12 05:00:00','Tac vu mau de thong ke cong viec buong phong.','2026-04-12 01:00:00','2026-04-12 04:00:00');
/*!40000 ALTER TABLE `housekeeping_task` ENABLE KEYS */;
UNLOCK TABLES;

--
-- Table structure for table `payment`
--

DROP TABLE IF EXISTS `payment`;
/*!40101 SET @saved_cs_client     = @@character_set_client */;
/*!50503 SET character_set_client = utf8mb4 */;
CREATE TABLE `payment` (
  `id` bigint NOT NULL AUTO_INCREMENT,
  `reservation_id` bigint NOT NULL,
  `total_amount` decimal(12,2) NOT NULL,
  `method` enum('CASH','CARD','TRANSFER','E_WALLET') CHARACTER SET utf8mb4 COLLATE utf8mb4_unicode_ci NOT NULL,
  `transaction_id` varchar(100) CHARACTER SET utf8mb4 COLLATE utf8mb4_unicode_ci DEFAULT NULL,
  `status` enum('PENDING','COMPLETED','FAILED','REFUNDED') CHARACTER SET utf8mb4 COLLATE utf8mb4_unicode_ci DEFAULT 'PENDING',
  `paid_at` timestamp NULL DEFAULT NULL,
  `created_at` timestamp NULL DEFAULT CURRENT_TIMESTAMP,
  PRIMARY KEY (`id`),
  KEY `reservation_id` (`reservation_id`),
  CONSTRAINT `payment_ibfk_1` FOREIGN KEY (`reservation_id`) REFERENCES `reservation` (`id`) ON DELETE CASCADE
) ENGINE=InnoDB AUTO_INCREMENT=62 DEFAULT CHARSET=utf8mb4 COLLATE=utf8mb4_unicode_ci;
/*!40101 SET character_set_client = @saved_cs_client */;

--
-- Dumping data for table `payment`
--

LOCK TABLES `payment` WRITE;
/*!40000 ALTER TABLE `payment` DISABLE KEYS */;
INSERT INTO `payment` VALUES (2,3,4400000.00,'CASH','SMH-2023-0001','COMPLETED','2023-01-05 07:30:00','2023-01-05 06:55:00'),(3,4,6780000.00,'CARD','SMH-2023-0002','COMPLETED','2023-01-25 08:30:00','2023-01-25 07:55:00'),(4,5,18050000.00,'TRANSFER','SMH-2023-0003','COMPLETED','2023-02-14 09:30:00','2023-02-14 08:55:00'),(5,6,10400000.00,'E_WALLET','SMH-2023-0004','COMPLETED','2023-03-06 10:30:00','2023-03-06 09:55:00'),(6,7,15900000.00,'CASH','SMH-2023-0005','COMPLETED','2023-03-26 11:30:00','2023-03-26 10:55:00'),(7,8,6300000.00,'CARD','SMH-2023-0006','COMPLETED','2023-04-15 12:30:00','2023-04-15 11:55:00'),(8,9,15300000.00,'TRANSFER','SMH-2023-0007','COMPLETED','2023-05-05 07:30:00','2023-05-05 06:55:00'),(9,10,12200000.00,'E_WALLET','SMH-2023-0008','COMPLETED','2023-05-25 08:30:00','2023-05-25 07:55:00'),(10,11,18200000.00,'CASH','SMH-2023-0009','COMPLETED','2023-06-14 09:30:00','2023-06-14 08:55:00'),(11,12,28400000.00,'CARD','SMH-2023-0010','COMPLETED','2023-07-04 10:30:00','2023-07-04 09:55:00'),(12,13,15000000.00,'TRANSFER','SMH-2023-0011','COMPLETED','2023-07-24 11:30:00','2023-07-24 10:55:00'),(13,14,16750000.00,'E_WALLET','SMH-2023-0012','COMPLETED','2023-08-13 12:30:00','2023-08-13 11:55:00'),(14,15,27360000.00,'CASH','SMH-2023-0013','COMPLETED','2023-09-02 07:30:00','2023-09-02 06:55:00'),(15,16,38250000.00,'CARD','SMH-2023-0014','COMPLETED','2023-09-22 08:30:00','2023-09-22 07:55:00'),(16,17,51800000.00,'TRANSFER','SMH-2023-0015','COMPLETED','2023-10-12 09:30:00','2023-10-12 08:55:00'),(17,18,15100000.00,'E_WALLET','SMH-2023-0016','COMPLETED','2023-11-01 10:30:00','2023-11-01 09:55:00'),(18,19,8400000.00,'CASH','SMH-2023-0017','COMPLETED','2023-11-21 11:30:00','2023-11-21 10:55:00'),(19,20,13800000.00,'CARD','SMH-2023-0018','COMPLETED','2023-12-11 12:30:00','2023-12-11 11:55:00'),(20,21,12950000.00,'TRANSFER','SMH-2023-0019','COMPLETED','2023-12-31 07:30:00','2023-12-31 06:55:00'),(21,22,16500000.00,'E_WALLET','SMH-2024-0020','COMPLETED','2024-01-20 08:30:00','2024-01-20 07:55:00'),(22,23,8160000.00,'CASH','SMH-2024-0021','COMPLETED','2024-02-09 09:30:00','2024-02-09 08:55:00'),(23,24,6300000.00,'CARD','SMH-2024-0022','COMPLETED','2024-02-29 10:30:00','2024-02-29 09:55:00'),(24,25,9450000.00,'TRANSFER','SMH-2024-0023','COMPLETED','2024-03-20 11:30:00','2024-03-20 10:55:00'),(25,26,19380000.00,'E_WALLET','SMH-2024-0024','COMPLETED','2024-04-09 12:30:00','2024-04-09 11:55:00'),(26,27,30200000.00,'CASH','SMH-2024-0025','COMPLETED','2024-04-29 07:30:00','2024-04-29 06:55:00'),(27,28,5500000.00,'CARD','SMH-2024-0026','COMPLETED','2024-05-19 08:30:00','2024-05-19 07:55:00'),(28,29,10500000.00,'TRANSFER','SMH-2024-0027','COMPLETED','2024-06-08 09:30:00','2024-06-08 08:55:00'),(29,30,16800000.00,'E_WALLET','SMH-2024-0028','COMPLETED','2024-06-28 10:30:00','2024-06-28 09:55:00'),(30,31,50100000.00,'CASH','SMH-2024-0029','COMPLETED','2024-07-18 11:30:00','2024-07-18 10:55:00'),(31,32,41500000.00,'CARD','SMH-2024-0030','COMPLETED','2024-08-07 12:30:00','2024-08-07 11:55:00'),(32,33,10050000.00,'TRANSFER','SMH-2024-0031','COMPLETED','2024-08-27 07:30:00','2024-08-27 06:55:00'),(33,34,20500000.00,'E_WALLET','SMH-2024-0032','COMPLETED','2024-09-16 08:30:00','2024-09-16 07:55:00'),(34,35,31450000.00,'CASH','SMH-2024-0033','COMPLETED','2024-10-06 09:30:00','2024-10-06 08:55:00'),(35,36,51900000.00,'CARD','SMH-2024-0034','COMPLETED','2024-10-26 10:30:00','2024-10-26 09:55:00'),(36,37,19080000.00,'TRANSFER','SMH-2024-0035','COMPLETED','2024-11-15 11:30:00','2024-11-15 10:55:00'),(37,38,6650000.00,'E_WALLET','SMH-2024-0036','COMPLETED','2024-12-05 12:30:00','2024-12-05 11:55:00'),(38,39,7600000.00,'CASH','SMH-2024-0037','COMPLETED','2024-12-25 07:30:00','2024-12-25 06:55:00'),(39,40,10800000.00,'CARD','SMH-2025-0038','COMPLETED','2025-01-14 08:30:00','2025-01-14 07:55:00'),(40,41,21400000.00,'TRANSFER','SMH-2025-0039','COMPLETED','2025-02-03 09:30:00','2025-02-03 08:55:00'),(41,42,14400000.00,'E_WALLET','SMH-2025-0040','COMPLETED','2025-02-23 10:30:00','2025-02-23 09:55:00'),(42,43,5450000.00,'CASH','SMH-2025-0041','COMPLETED','2025-03-15 11:30:00','2025-03-15 10:55:00'),(43,44,9900000.00,'CARD','SMH-2025-0042','COMPLETED','2025-04-04 12:30:00','2025-04-04 11:55:00'),(44,45,20380000.00,'TRANSFER','SMH-2025-0043','COMPLETED','2025-04-24 07:30:00','2025-04-24 06:55:00'),(45,46,16350000.00,'E_WALLET','SMH-2025-0044','COMPLETED','2025-05-14 08:30:00','2025-05-14 07:55:00'),(46,47,22650000.00,'CASH','SMH-2025-0045','COMPLETED','2025-06-03 09:30:00','2025-06-03 08:55:00'),(47,48,6260000.00,'CARD','SMH-2025-0046','COMPLETED','2025-06-23 10:30:00','2025-06-23 09:55:00'),(48,49,25150000.00,'TRANSFER','SMH-2025-0047','COMPLETED','2025-07-13 11:30:00','2025-07-13 10:55:00'),(49,50,25000000.00,'E_WALLET','SMH-2025-0048','COMPLETED','2025-08-02 12:30:00','2025-08-02 11:55:00'),(50,51,37100000.00,'CASH','SMH-2025-0049','REFUNDED','2025-08-22 07:30:00','2025-08-22 06:55:00'),(51,52,47900000.00,'CARD','SMH-2025-0050','REFUNDED','2025-09-11 08:30:00','2025-09-11 07:55:00'),(52,53,14580000.00,'TRANSFER','SMH-2025-0051','REFUNDED','2025-10-01 09:30:00','2025-10-01 08:55:00'),(53,54,26600000.00,'E_WALLET','SMH-2025-0052','REFUNDED','2025-10-21 10:30:00','2025-10-21 09:55:00'),(54,55,11450000.00,'CASH','SMH-2025-0053','REFUNDED','2025-11-10 11:30:00','2025-11-10 10:55:00'),(55,56,18500000.00,'CARD','SMH-2025-0054','FAILED','2025-11-30 12:30:00','2025-11-30 11:55:00'),(56,57,16150000.00,'TRANSFER','SMH-2025-0055','FAILED','2025-12-20 07:30:00','2025-12-20 06:55:00'),(57,58,4050000.00,'E_WALLET','SMH-2026-0056','FAILED','2026-01-09 08:30:00','2026-01-09 07:55:00'),(58,59,12380000.00,'CASH','SMH-2026-0057','FAILED','2026-01-29 09:30:00','2026-01-29 08:55:00'),(59,60,7200000.00,'CARD','SMH-2026-0058','PENDING','2026-02-18 10:30:00','2026-02-18 09:55:00'),(60,61,13200000.00,'TRANSFER','SMH-2026-0059','PENDING','2026-03-10 11:30:00','2026-03-10 10:55:00'),(61,62,24900000.00,'E_WALLET','SMH-2026-0060','PENDING','2026-03-30 12:30:00','2026-03-30 11:55:00');
/*!40000 ALTER TABLE `payment` ENABLE KEYS */;
UNLOCK TABLES;

--
-- Table structure for table `reservation`
--

DROP TABLE IF EXISTS `reservation`;
/*!40101 SET @saved_cs_client     = @@character_set_client */;
/*!50503 SET character_set_client = utf8mb4 */;
CREATE TABLE `reservation` (
  `id` bigint NOT NULL AUTO_INCREMENT,
  `customer_id` bigint NOT NULL,
  `check_in` date DEFAULT NULL,
  `check_out` date DEFAULT NULL,
  `status` enum('PENDING','CONFIRMED','CHECKED_IN','CHECKED_OUT','CANCELLED') CHARACTER SET utf8mb4 COLLATE utf8mb4_unicode_ci DEFAULT 'PENDING',
  `created_by` bigint DEFAULT NULL,
  `created_at` timestamp NULL DEFAULT CURRENT_TIMESTAMP,
  `updated_at` timestamp NULL DEFAULT CURRENT_TIMESTAMP ON UPDATE CURRENT_TIMESTAMP,
  PRIMARY KEY (`id`),
  KEY `customer_id` (`customer_id`),
  KEY `created_by` (`created_by`),
  KEY `idx_reservation_dates` (`check_in`,`check_out`),
  CONSTRAINT `reservation_ibfk_1` FOREIGN KEY (`customer_id`) REFERENCES `customer_profile` (`id`),
  CONSTRAINT `reservation_ibfk_2` FOREIGN KEY (`created_by`) REFERENCES `user` (`id`)
) ENGINE=InnoDB AUTO_INCREMENT=63 DEFAULT CHARSET=utf8mb4 COLLATE=utf8mb4_unicode_ci;
/*!40101 SET character_set_client = @saved_cs_client */;

--
-- Dumping data for table `reservation`
--

LOCK TABLES `reservation` WRITE;
/*!40000 ALTER TABLE `reservation` DISABLE KEYS */;
INSERT INTO `reservation` VALUES (3,3,'2023-01-08','2023-01-09','CHECKED_OUT',2,'2023-01-04 02:15:00','2023-01-04 04:15:00'),(4,4,'2023-01-29','2023-01-31','CHECKED_OUT',2,'2023-01-24 03:15:00','2023-01-24 05:15:00'),(5,5,'2023-02-19','2023-02-22','CHECKED_OUT',2,'2023-02-13 04:15:00','2023-02-13 06:15:00'),(6,6,'2023-03-12','2023-03-16','CHECKED_OUT',2,'2023-03-05 05:15:00','2023-03-05 07:15:00'),(7,7,'2023-04-02','2023-04-07','CHECKED_OUT',2,'2023-03-25 06:15:00','2023-03-25 08:15:00'),(8,8,'2023-04-23','2023-04-24','CHECKED_OUT',2,'2023-04-14 07:15:00','2023-04-14 09:15:00'),(9,9,'2023-05-14','2023-05-16','CHECKED_OUT',2,'2023-05-04 08:15:00','2023-05-04 10:15:00'),(10,10,'2023-06-04','2023-06-07','CHECKED_OUT',2,'2023-05-24 09:15:00','2023-05-24 11:15:00'),(11,11,'2023-06-25','2023-06-29','CHECKED_OUT',2,'2023-06-13 02:15:00','2023-06-13 04:15:00'),(12,12,'2023-07-16','2023-07-21','CHECKED_OUT',2,'2023-07-03 03:15:00','2023-07-03 05:15:00'),(13,13,'2023-08-06','2023-08-07','CHECKED_OUT',2,'2023-07-23 04:15:00','2023-07-23 06:15:00'),(14,14,'2023-08-27','2023-08-29','CHECKED_OUT',2,'2023-08-12 05:15:00','2023-08-12 07:15:00'),(15,15,'2023-09-17','2023-09-20','CHECKED_OUT',2,'2023-09-01 06:15:00','2023-09-01 08:15:00'),(16,16,'2023-10-08','2023-10-12','CHECKED_OUT',2,'2023-09-21 07:15:00','2023-09-21 09:15:00'),(17,17,'2023-10-29','2023-11-03','CHECKED_OUT',2,'2023-10-11 08:15:00','2023-10-11 10:15:00'),(18,18,'2023-11-19','2023-11-20','CHECKED_OUT',2,'2023-10-31 09:15:00','2023-10-31 11:15:00'),(19,19,'2023-12-10','2023-12-12','CHECKED_OUT',2,'2023-11-20 02:15:00','2023-11-20 04:15:00'),(20,20,'2023-12-14','2023-12-17','CHECKED_OUT',2,'2023-12-10 03:15:00','2023-12-10 05:15:00'),(21,21,'2024-01-04','2024-01-08','CHECKED_OUT',2,'2023-12-30 04:15:00','2023-12-30 06:15:00'),(22,22,'2024-01-25','2024-01-30','CHECKED_OUT',2,'2024-01-19 05:15:00','2024-01-19 07:15:00'),(23,23,'2024-02-15','2024-02-16','CHECKED_OUT',2,'2024-02-08 06:15:00','2024-02-08 08:15:00'),(24,24,'2024-03-07','2024-03-09','CHECKED_OUT',2,'2024-02-28 07:15:00','2024-02-28 09:15:00'),(25,25,'2024-03-28','2024-03-31','CHECKED_OUT',2,'2024-03-19 08:15:00','2024-03-19 10:15:00'),(26,26,'2024-04-18','2024-04-22','CHECKED_OUT',2,'2024-04-08 09:15:00','2024-04-08 11:15:00'),(27,27,'2024-05-09','2024-05-14','CHECKED_OUT',2,'2024-04-28 02:15:00','2024-04-28 04:15:00'),(28,28,'2024-05-30','2024-05-31','CHECKED_OUT',2,'2024-05-18 03:15:00','2024-05-18 05:15:00'),(29,29,'2024-06-20','2024-06-22','CHECKED_OUT',2,'2024-06-07 04:15:00','2024-06-07 06:15:00'),(30,30,'2024-07-11','2024-07-14','CHECKED_OUT',2,'2024-06-27 05:15:00','2024-06-27 07:15:00'),(31,31,'2024-08-01','2024-08-05','CHECKED_OUT',2,'2024-07-17 06:15:00','2024-07-17 08:15:00'),(32,32,'2024-08-22','2024-08-27','CHECKED_OUT',2,'2024-08-06 07:15:00','2024-08-06 09:15:00'),(33,33,'2024-09-12','2024-09-13','CHECKED_OUT',2,'2024-08-26 08:15:00','2024-08-26 10:15:00'),(34,34,'2024-10-03','2024-10-05','CHECKED_OUT',2,'2024-09-15 09:15:00','2024-09-15 11:15:00'),(35,35,'2024-10-24','2024-10-27','CHECKED_OUT',2,'2024-10-05 02:15:00','2024-10-05 04:15:00'),(36,36,'2024-11-14','2024-11-18','CHECKED_OUT',2,'2024-10-25 03:15:00','2024-10-25 05:15:00'),(37,37,'2024-11-18','2024-11-23','CHECKED_OUT',2,'2024-11-14 04:15:00','2024-11-14 06:15:00'),(38,38,'2024-12-09','2024-12-10','CHECKED_OUT',2,'2024-12-04 05:15:00','2024-12-04 07:15:00'),(39,39,'2024-12-30','2025-01-01','CHECKED_OUT',2,'2024-12-24 06:15:00','2024-12-24 08:15:00'),(40,40,'2025-01-20','2025-01-23','CHECKED_OUT',2,'2025-01-13 07:15:00','2025-01-13 09:15:00'),(41,41,'2025-02-10','2025-02-14','CHECKED_OUT',2,'2025-02-02 08:15:00','2025-02-02 10:15:00'),(42,42,'2025-03-03','2025-03-08','CHECKED_OUT',2,'2025-02-22 09:15:00','2025-02-22 11:15:00'),(43,43,'2025-03-24','2025-03-25','CHECKED_OUT',2,'2025-03-14 02:15:00','2025-03-14 04:15:00'),(44,44,'2025-04-14','2025-04-16','CHECKED_OUT',2,'2025-04-03 03:15:00','2025-04-03 05:15:00'),(45,45,'2025-05-05','2025-05-08','CHECKED_OUT',2,'2025-04-23 04:15:00','2025-04-23 06:15:00'),(46,46,'2025-05-26','2025-05-30','CHECKED_OUT',2,'2025-05-13 05:15:00','2025-05-13 07:15:00'),(47,47,'2025-06-16','2025-06-21','CHECKED_OUT',2,'2025-06-02 06:15:00','2025-06-02 08:15:00'),(48,48,'2025-07-07','2025-07-08','CHECKED_OUT',2,'2025-06-22 07:15:00','2025-06-22 09:15:00'),(49,49,'2025-07-28','2025-07-30','CHECKED_OUT',2,'2025-07-12 08:15:00','2025-07-12 10:15:00'),(50,50,'2025-08-18','2025-08-21','CHECKED_OUT',2,'2025-08-01 09:15:00','2025-08-01 11:15:00'),(51,51,'2025-09-08','2025-09-12','CONFIRMED',2,'2025-08-21 02:15:00','2025-08-21 04:15:00'),(52,52,'2025-09-29','2025-10-04','CONFIRMED',2,'2025-09-10 03:15:00','2025-09-10 05:15:00'),(53,53,'2025-10-20','2025-10-21','CONFIRMED',2,'2025-09-30 04:15:00','2025-09-30 06:15:00'),(54,54,'2025-10-24','2025-10-26','CONFIRMED',2,'2025-10-20 05:15:00','2025-10-20 07:15:00'),(55,55,'2025-11-14','2025-11-17','CONFIRMED',2,'2025-11-09 06:15:00','2025-11-09 08:15:00'),(56,56,'2025-12-05','2025-12-09','CONFIRMED',2,'2025-11-29 07:15:00','2025-11-29 09:15:00'),(57,57,'2025-12-26','2025-12-31','CANCELLED',2,'2025-12-19 08:15:00','2025-12-19 10:15:00'),(58,58,'2026-01-16','2026-01-17','CANCELLED',2,'2026-01-08 09:15:00','2026-01-08 11:15:00'),(59,59,'2026-02-06','2026-02-08','CANCELLED',2,'2026-01-28 02:15:00','2026-01-28 04:15:00'),(60,60,'2026-02-27','2026-03-02','CANCELLED',2,'2026-02-17 03:15:00','2026-02-17 05:15:00'),(61,61,'2026-03-20','2026-03-24','CHECKED_IN',2,'2026-03-09 04:15:00','2026-03-09 06:15:00'),(62,62,'2026-04-10','2026-04-15','CHECKED_IN',2,'2026-03-29 05:15:00','2026-03-29 07:15:00');
/*!40000 ALTER TABLE `reservation` ENABLE KEYS */;
UNLOCK TABLES;

--
-- Table structure for table `reservation_room`
--

DROP TABLE IF EXISTS `reservation_room`;
/*!40101 SET @saved_cs_client     = @@character_set_client */;
/*!50503 SET character_set_client = utf8mb4 */;
CREATE TABLE `reservation_room` (
  `id` bigint NOT NULL AUTO_INCREMENT,
  `reservation_id` bigint NOT NULL,
  `room_id` bigint NOT NULL,
  `price_per_night` decimal(12,2) NOT NULL,
  `notes` text CHARACTER SET utf8mb4 COLLATE utf8mb4_unicode_ci,
  PRIMARY KEY (`id`),
  KEY `reservation_id` (`reservation_id`),
  KEY `room_id` (`room_id`),
  CONSTRAINT `reservation_room_ibfk_1` FOREIGN KEY (`reservation_id`) REFERENCES `reservation` (`id`) ON DELETE CASCADE,
  CONSTRAINT `reservation_room_ibfk_2` FOREIGN KEY (`room_id`) REFERENCES `room` (`id`)
) ENGINE=InnoDB AUTO_INCREMENT=63 DEFAULT CHARSET=utf8mb4 COLLATE=utf8mb4_unicode_ci;
/*!40101 SET character_set_client = @saved_cs_client */;

--
-- Dumping data for table `reservation_room`
--

LOCK TABLES `reservation_room` WRITE;
/*!40000 ALTER TABLE `reservation_room` DISABLE KEYS */;
INSERT INTO `reservation_room` VALUES (3,3,69,2800000.00,'1 dem, gia phong theo bang gia mau.'),(4,4,70,3300000.00,'2 dem, gia phong theo bang gia mau.'),(5,5,71,5200000.00,'3 dem, gia phong theo bang gia mau.'),(6,6,72,2400000.00,'4 dem, gia phong theo bang gia mau.'),(7,7,73,2900000.00,'5 dem, gia phong theo bang gia mau.'),(8,8,74,4800000.00,'1 dem, gia phong theo bang gia mau.'),(9,9,75,5600000.00,'2 dem, gia phong theo bang gia mau.'),(10,10,76,3900000.00,'3 dem, gia phong theo bang gia mau.'),(11,11,77,4300000.00,'4 dem, gia phong theo bang gia mau.'),(12,12,78,5000000.00,'5 dem, gia phong theo bang gia mau.'),(13,13,79,11800000.00,'1 dem, gia phong theo bang gia mau.'),(14,14,80,8200000.00,'2 dem, gia phong theo bang gia mau.'),(15,15,81,8700000.00,'3 dem, gia phong theo bang gia mau.'),(16,16,82,9400000.00,'4 dem, gia phong theo bang gia mau.'),(17,17,83,9800000.00,'5 dem, gia phong theo bang gia mau.'),(18,18,84,12800000.00,'1 dem, gia phong theo bang gia mau.'),(19,19,85,3600000.00,'2 dem, gia phong theo bang gia mau.'),(20,20,86,4200000.00,'3 dem, gia phong theo bang gia mau.'),(21,21,69,2800000.00,'4 dem, gia phong theo bang gia mau.'),(22,22,70,3300000.00,'5 dem, gia phong theo bang gia mau.'),(23,23,71,5200000.00,'1 dem, gia phong theo bang gia mau.'),(24,24,72,2400000.00,'2 dem, gia phong theo bang gia mau.'),(25,25,73,2900000.00,'3 dem, gia phong theo bang gia mau.'),(26,26,74,4800000.00,'4 dem, gia phong theo bang gia mau.'),(27,27,75,5600000.00,'5 dem, gia phong theo bang gia mau.'),(28,28,76,3900000.00,'1 dem, gia phong theo bang gia mau.'),(29,29,77,4300000.00,'2 dem, gia phong theo bang gia mau.'),(30,30,78,5000000.00,'3 dem, gia phong theo bang gia mau.'),(31,31,79,11800000.00,'4 dem, gia phong theo bang gia mau.'),(32,32,80,8200000.00,'5 dem, gia phong theo bang gia mau.'),(33,33,81,8700000.00,'1 dem, gia phong theo bang gia mau.'),(34,34,82,9400000.00,'2 dem, gia phong theo bang gia mau.'),(35,35,83,9800000.00,'3 dem, gia phong theo bang gia mau.'),(36,36,84,12800000.00,'4 dem, gia phong theo bang gia mau.'),(37,37,85,3600000.00,'5 dem, gia phong theo bang gia mau.'),(38,38,86,4200000.00,'1 dem, gia phong theo bang gia mau.'),(39,39,69,2800000.00,'2 dem, gia phong theo bang gia mau.'),(40,40,70,3300000.00,'3 dem, gia phong theo bang gia mau.'),(41,41,71,5200000.00,'4 dem, gia phong theo bang gia mau.'),(42,42,72,2400000.00,'5 dem, gia phong theo bang gia mau.'),(43,43,73,2900000.00,'1 dem, gia phong theo bang gia mau.'),(44,44,74,4800000.00,'2 dem, gia phong theo bang gia mau.'),(45,45,75,5600000.00,'3 dem, gia phong theo bang gia mau.'),(46,46,76,3900000.00,'4 dem, gia phong theo bang gia mau.'),(47,47,77,4300000.00,'5 dem, gia phong theo bang gia mau.'),(48,48,78,5000000.00,'1 dem, gia phong theo bang gia mau.'),(49,49,79,11800000.00,'2 dem, gia phong theo bang gia mau.'),(50,50,80,8200000.00,'3 dem, gia phong theo bang gia mau.'),(51,51,81,8700000.00,'4 dem, gia phong theo bang gia mau.'),(52,52,82,9400000.00,'5 dem, gia phong theo bang gia mau.'),(53,53,83,9800000.00,'1 dem, gia phong theo bang gia mau.'),(54,54,84,12800000.00,'2 dem, gia phong theo bang gia mau.'),(55,55,85,3600000.00,'3 dem, gia phong theo bang gia mau.'),(56,56,86,4200000.00,'4 dem, gia phong theo bang gia mau.'),(57,57,69,2800000.00,'5 dem, gia phong theo bang gia mau.'),(58,58,70,3300000.00,'1 dem, gia phong theo bang gia mau.'),(59,59,71,5200000.00,'2 dem, gia phong theo bang gia mau.'),(60,60,72,2400000.00,'3 dem, gia phong theo bang gia mau.'),(61,61,73,2900000.00,'4 dem, gia phong theo bang gia mau.'),(62,62,74,4800000.00,'5 dem, gia phong theo bang gia mau.');
/*!40000 ALTER TABLE `reservation_room` ENABLE KEYS */;
UNLOCK TABLES;

--
-- Table structure for table `review`
--

DROP TABLE IF EXISTS `review`;
/*!40101 SET @saved_cs_client     = @@character_set_client */;
/*!50503 SET character_set_client = utf8mb4 */;
CREATE TABLE `review` (
  `id` bigint NOT NULL AUTO_INCREMENT,
  `reservation_id` bigint NOT NULL,
  `rating` int DEFAULT NULL,
  `comment` text CHARACTER SET utf8mb4 COLLATE utf8mb4_unicode_ci,
  `visible` tinyint(1) DEFAULT '1',
  `created_at` timestamp NULL DEFAULT CURRENT_TIMESTAMP,
  PRIMARY KEY (`id`),
  KEY `reservation_id` (`reservation_id`),
  CONSTRAINT `review_ibfk_1` FOREIGN KEY (`reservation_id`) REFERENCES `reservation` (`id`) ON DELETE CASCADE,
  CONSTRAINT `review_chk_1` CHECK ((`rating` between 1 and 5))
) ENGINE=InnoDB AUTO_INCREMENT=68 DEFAULT CHARSET=utf8mb4 COLLATE=utf8mb4_unicode_ci;
/*!40101 SET character_set_client = @saved_cs_client */;

--
-- Dumping data for table `review`
--

LOCK TABLES `review` WRITE;
/*!40000 ALTER TABLE `review` DISABLE KEYS */;
INSERT INTO `review` VALUES (18,3,3,'Phong sach, nhan vien ho tro nhanh.',1,'2023-01-09 04:30:00'),(19,4,4,'Vi tri thuan tien, dich vu tot.',1,'2023-01-31 04:30:00'),(20,5,5,'Bua sang on dinh, thanh toan nhanh.',1,'2023-02-22 04:30:00'),(21,6,3,'Phong dep, anh va mo ta dung nhu thuc te.',1,'2023-03-16 04:30:00'),(22,7,4,'Gia hop ly cho chuyen di cong tac.',1,'2023-04-07 04:30:00'),(23,8,5,'Phong sach, nhan vien ho tro nhanh.',1,'2023-04-24 04:30:00'),(24,9,3,'Vi tri thuan tien, dich vu tot.',1,'2023-05-16 04:30:00'),(25,10,4,'Bua sang on dinh, thanh toan nhanh.',1,'2023-06-07 04:30:00'),(26,11,5,'Phong dep, anh va mo ta dung nhu thuc te.',1,'2023-06-29 04:30:00'),(27,12,3,'Gia hop ly cho chuyen di cong tac.',1,'2023-07-21 04:30:00'),(28,13,4,'Phong sach, nhan vien ho tro nhanh.',1,'2023-08-07 04:30:00'),(29,14,5,'Vi tri thuan tien, dich vu tot.',1,'2023-08-29 04:30:00'),(30,15,3,'Bua sang on dinh, thanh toan nhanh.',1,'2023-09-20 04:30:00'),(31,16,4,'Phong dep, anh va mo ta dung nhu thuc te.',1,'2023-10-12 04:30:00'),(32,17,5,'Gia hop ly cho chuyen di cong tac.',1,'2023-11-03 04:30:00'),(33,18,3,'Phong sach, nhan vien ho tro nhanh.',1,'2023-11-20 04:30:00'),(34,19,4,'Vi tri thuan tien, dich vu tot.',1,'2023-12-12 04:30:00'),(35,20,5,'Bua sang on dinh, thanh toan nhanh.',1,'2023-12-17 04:30:00'),(36,21,3,'Phong dep, anh va mo ta dung nhu thuc te.',1,'2024-01-08 04:30:00'),(37,22,4,'Gia hop ly cho chuyen di cong tac.',1,'2024-01-30 04:30:00'),(38,23,5,'Phong sach, nhan vien ho tro nhanh.',1,'2024-02-16 04:30:00'),(39,24,3,'Vi tri thuan tien, dich vu tot.',1,'2024-03-09 04:30:00'),(40,25,4,'Bua sang on dinh, thanh toan nhanh.',1,'2024-03-31 04:30:00'),(41,26,5,'Phong dep, anh va mo ta dung nhu thuc te.',1,'2024-04-22 04:30:00'),(42,27,3,'Gia hop ly cho chuyen di cong tac.',1,'2024-05-14 04:30:00'),(43,28,4,'Phong sach, nhan vien ho tro nhanh.',1,'2024-05-31 04:30:00'),(44,29,5,'Vi tri thuan tien, dich vu tot.',1,'2024-06-22 04:30:00'),(45,30,3,'Bua sang on dinh, thanh toan nhanh.',1,'2024-07-14 04:30:00'),(46,31,4,'Phong dep, anh va mo ta dung nhu thuc te.',1,'2024-08-05 04:30:00'),(47,32,5,'Gia hop ly cho chuyen di cong tac.',1,'2024-08-27 04:30:00'),(48,33,3,'Phong sach, nhan vien ho tro nhanh.',1,'2024-09-13 04:30:00'),(49,34,4,'Vi tri thuan tien, dich vu tot.',1,'2024-10-05 04:30:00'),(50,35,5,'Bua sang on dinh, thanh toan nhanh.',1,'2024-10-27 04:30:00'),(51,36,3,'Phong dep, anh va mo ta dung nhu thuc te.',1,'2024-11-18 04:30:00'),(52,37,4,'Gia hop ly cho chuyen di cong tac.',1,'2024-11-23 04:30:00'),(53,38,5,'Phong sach, nhan vien ho tro nhanh.',1,'2024-12-10 04:30:00'),(54,39,3,'Vi tri thuan tien, dich vu tot.',1,'2025-01-01 04:30:00'),(55,40,4,'Bua sang on dinh, thanh toan nhanh.',1,'2025-01-23 04:30:00'),(56,41,5,'Phong dep, anh va mo ta dung nhu thuc te.',1,'2025-02-14 04:30:00'),(57,42,3,'Gia hop ly cho chuyen di cong tac.',1,'2025-03-08 04:30:00'),(58,43,4,'Phong sach, nhan vien ho tro nhanh.',1,'2025-03-25 04:30:00'),(59,44,5,'Vi tri thuan tien, dich vu tot.',1,'2025-04-16 04:30:00'),(60,45,3,'Bua sang on dinh, thanh toan nhanh.',1,'2025-05-08 04:30:00'),(61,46,4,'Phong dep, anh va mo ta dung nhu thuc te.',1,'2025-05-30 04:30:00'),(62,47,5,'Gia hop ly cho chuyen di cong tac.',1,'2025-06-21 04:30:00'),(63,48,3,'Phong sach, nhan vien ho tro nhanh.',1,'2025-07-08 04:30:00'),(64,49,4,'Vi tri thuan tien, dich vu tot.',1,'2025-07-30 04:30:00'),(65,50,5,'Bua sang on dinh, thanh toan nhanh.',1,'2025-08-21 04:30:00'),(66,51,3,'Phong dep, anh va mo ta dung nhu thuc te.',1,'2025-09-12 04:30:00'),(67,52,4,'Gia hop ly cho chuyen di cong tac.',1,'2025-10-04 04:30:00');
/*!40000 ALTER TABLE `review` ENABLE KEYS */;
UNLOCK TABLES;

--
-- Table structure for table `room`
--

DROP TABLE IF EXISTS `room`;
/*!40101 SET @saved_cs_client     = @@character_set_client */;
/*!50503 SET character_set_client = utf8mb4 */;
CREATE TABLE `room` (
  `id` bigint NOT NULL AUTO_INCREMENT,
  `name` varchar(150) CHARACTER SET utf8mb4 COLLATE utf8mb4_unicode_ci NOT NULL,
  `room_type_id` bigint NOT NULL,
  `floor` int DEFAULT NULL,
  `status` enum('AVAILABLE','OCCUPIED','CLEANING','MAINTENANCE') CHARACTER SET utf8mb4 COLLATE utf8mb4_unicode_ci DEFAULT 'AVAILABLE',
  `main_image` varchar(255) CHARACTER SET utf8mb4 COLLATE utf8mb4_unicode_ci DEFAULT NULL,
  `price` decimal(12,2) NOT NULL DEFAULT '300000.00',
  `note` text CHARACTER SET utf8mb4 COLLATE utf8mb4_unicode_ci,
  PRIMARY KEY (`id`),
  KEY `room_type_id` (`room_type_id`),
  CONSTRAINT `room_ibfk_1` FOREIGN KEY (`room_type_id`) REFERENCES `room_type` (`id`)
) ENGINE=InnoDB AUTO_INCREMENT=87 DEFAULT CHARSET=utf8mb4 COLLATE=utf8mb4_unicode_ci;
/*!40101 SET character_set_client = @saved_cs_client */;

--
-- Dumping data for table `room`
--

LOCK TABLES `room` WRITE;
/*!40000 ALTER TABLE `room` DISABLE KEYS */;
INSERT INTO `room` VALUES (1,'Modern Home',1,1,'AVAILABLE','https://alloggio.qodeinteractive.com/wp-content/uploads/2020/03/h1-room-img-04.jpg',550000.00,'Không gian hiện đại, thiết kế tối giản nhưng đầy đủ tiện nghi, phù hợp cho những ai yêu thích sự tinh tế và thoải mái.'),(2,'Casa Mancini',1,1,'AVAILABLE','https://alloggio.qodeinteractive.com/wp-content/uploads/2020/03/room-featured-img-06.jpg',550000.00,'Phòng mang phong cách Ý sang trọng, ấm cúng với nội thất tinh xảo, đem lại cảm giác thư giãn và đẳng cấp.'),(3,'Bright Suite',2,2,'AVAILABLE','https://alloggio.qodeinteractive.com/wp-content/uploads/2020/03/room-featured-img-01.jpg',850000.00,'Căn phòng tràn ngập ánh sáng tự nhiên, rộng rãi và thoáng đãng, lý tưởng cho kỳ nghỉ nhẹ nhàng và dễ chịu.'),(4,'Sea Home',2,2,'AVAILABLE','https://alloggio.qodeinteractive.com/wp-content/uploads/2020/03/room-single-gallery-img-15.jpg',850000.00,'Không gian hướng biển mát mẻ, thiết kế gần gũi thiên nhiên, mang lại trải nghiệm nghỉ dưỡng thư thái.'),(5,'House Ciardi',3,5,'AVAILABLE','https://alloggio.qodeinteractive.com/wp-content/uploads/2020/03/room-featured-img-10.jpg',1250000.00,'Phòng mang phong cách cổ điển pha chút hiện đại, ấm áp và riêng tư, phù hợp cho những ai tìm kiếm sự yên bình.'),(69,'Sofitel Metropole Luxury Room',4,3,'AVAILABLE','https://d2e5ushqwiltxm.cloudfront.net/wp-content/uploads/sites/95/2024/01/24043542/DSC03899.jpg',2800000.00,'Inspired by Sofitel Legend Metropole Hanoi Heritage Wing.'),(70,'Sofitel Metropole Grand Luxury',4,4,'AVAILABLE','https://d2e5ushqwiltxm.cloudfront.net/wp-content/uploads/sites/95/2024/01/24044332/DSC05618.jpg',3300000.00,'Colonial Indochine style with hardwood floor and refined lighting.'),(71,'Sofitel Metropole Suite',5,5,'AVAILABLE','https://d2e5ushqwiltxm.cloudfront.net/wp-content/uploads/sites/95/2024/01/24044356/DSC05868.jpg',5200000.00,'Suite with separate sitting area inspired by Metropole Hanoi.'),(72,'Caravelle Saigon Deluxe',4,12,'AVAILABLE','https://www.caravellehotel.com/wp-content/uploads/Caravelle-Saigon-Deluxe-rooms.jpg',2400000.00,'Inspired by Caravelle Saigon Deluxe rooms near Lam Son Square.'),(73,'Caravelle Saigon Opera',4,14,'AVAILABLE','https://www.caravellehotel.com/wp-content/uploads/Caravelle-Saigon-Opera-Rooms-1.jpg',2900000.00,'Soundproof windows with Opera House inspired city view.'),(74,'Caravelle Executive Suite',5,17,'CLEANING','https://www.caravellehotel.com/wp-content/uploads/Caravelle-Saigon-Executive-Suite-1.jpg',4800000.00,'Executive suite with separate living room and business amenities.'),(75,'Caravelle Opera View Suite',5,18,'AVAILABLE','https://www.caravellehotel.com/wp-content/uploads/Caravelle-Saigon-Opera-View-Suite-03-scaled.jpg',5600000.00,'Large suite with balcony and Opera House inspired view.'),(76,'The Reverie Deluxe King',4,28,'AVAILABLE','https://www.thereveriesaigon.com/wp-content/uploads/2021/11/Deluxe-King-Room-Urban-View-Luxury-in-Ho-Chi-Minh-City-The-Reverie-Saigon-2000x1334.jpg',3900000.00,'Inspired by The Reverie Saigon Deluxe Room with urban view.'),(77,'The Reverie Grand Deluxe Twin',4,31,'OCCUPIED','https://www.thereveriesaigon.com/wp-content/uploads/2021/11/Grand-Deluxe-Twin-Room-Urban-View-Luxury-in-Ho-Chi-Minh-City-The-Reverie-Saigon-2000x1334.jpg',4300000.00,'Grand Deluxe twin room inspired by Italian decor and skyline views.'),(78,'The Reverie Panorama Deluxe',4,34,'AVAILABLE','https://www.thereveriesaigon.com/wp-content/uploads/2021/11/Panorama-Deluxe-Room-Urban-View-Luxury-in-Ho-Chi-Minh-City-The-Reverie-Saigon-2000x1334.jpg',5000000.00,'Panorama room with wrap-around windows and city or river view.'),(79,'The Reverie Designer Suite',8,36,'AVAILABLE','https://www.thereveriesaigon.com/wp-content/uploads/2021/11/Designer-Suite-by-Provasi_1920x1080_.jpg',11800000.00,'Designer suite inspired by The Reverie Saigon luxury suite collection.'),(80,'Six Senses Hill Top Pool Villa',6,1,'AVAILABLE','https://media.sixsenses.com/B60H3R33/at/g85fs6mcsj3bsfnq2csrr4m4/1_Hill_Top_Pool_Villa-aerial.jpg?fit=crop&format=webp&height=405&width=648',8200000.00,'Hill top pool villa inspired by Six Senses Ninh Van Bay.'),(81,'Six Senses Beachfront Pool Villa',6,1,'AVAILABLE','https://media.sixsenses.com/B60H3R33/at/7zb69v8w29nhcmtw59bkmrk5/1_Beachfront_Pool_Villa-aerial.jpg?fit=crop&format=webp&height=405&width=648',8700000.00,'Beachfront villa with private plunge pool and direct beach access.'),(82,'Six Senses Rock Pool Villa',6,2,'MAINTENANCE','https://media.sixsenses.com/B60H3R33/at/9bx7v5rhbqg96nv2w6pxgsq/1_Rock_Pool_Villa_aerial.jpg?fit=crop&format=webp&height=405&width=648',9400000.00,'Rock pool villa set among coastal rock formations.'),(83,'Six Senses Water Pool Villa',6,2,'AVAILABLE','https://media.sixsenses.com/B60H3R33/at/9h272hxvs8b3vjhp9k86kjpm/Water_Pool_Villa_bathroom.jpg?fit=crop&format=webp&height=405&width=648',9800000.00,'Water edge villa with ocean access and private deck.'),(84,'Six Senses Family Beach Villa',7,1,'AVAILABLE','https://media.sixsenses.com/B60H3R33/at/gn9bsg6vpv6v3fjtq7wsxjn/Family_Beach_Pool_Villa.jpg?fit=crop&format=webp&height=405&width=648',12800000.00,'Family beach pool villa with two bedrooms and generous living space.'),(85,'La Siesta Premium Terrace',5,4,'AVAILABLE','https://lasiestahoianresort.com/wp-content/uploads/2021/06/Premium-Suite-with-Terrace-Club-Wing-4.jpg',3600000.00,'Inspired by La Siesta Hoi An Premium Suite with Terrace.'),(86,'La Siesta Duplex Suite',7,5,'AVAILABLE','https://lasiestahoianresort.com/wp-content/uploads/2021/06/Duplex-Suite-Club-Wing-5.jpg',4200000.00,'Duplex suite inspired by La Siesta Hoi An Club Wing.');
/*!40000 ALTER TABLE `room` ENABLE KEYS */;
UNLOCK TABLES;

--
-- Table structure for table `room_images`
--

DROP TABLE IF EXISTS `room_images`;
/*!40101 SET @saved_cs_client     = @@character_set_client */;
/*!50503 SET character_set_client = utf8mb4 */;
CREATE TABLE `room_images` (
  `id` bigint NOT NULL AUTO_INCREMENT,
  `image_url` varchar(255) CHARACTER SET utf8mb4 COLLATE utf8mb4_unicode_ci NOT NULL,
  `room_id` bigint NOT NULL,
  PRIMARY KEY (`id`),
  KEY `room_id` (`room_id`),
  CONSTRAINT `room_images_ibfk_1` FOREIGN KEY (`room_id`) REFERENCES `room` (`id`) ON DELETE CASCADE
) ENGINE=InnoDB AUTO_INCREMENT=58 DEFAULT CHARSET=utf8mb4 COLLATE=utf8mb4_unicode_ci;
/*!40101 SET character_set_client = @saved_cs_client */;

--
-- Dumping data for table `room_images`
--

LOCK TABLES `room_images` WRITE;
/*!40000 ALTER TABLE `room_images` DISABLE KEYS */;
INSERT INTO `room_images` VALUES (1,'https://res.cloudinary.com/dlwy7kulj/image/upload/v1778056149/copy_of_1fc23ac7-2026-4df9-89a8-88d994c54117_ed1952.png',1),(2,'https://res.cloudinary.com/dlwy7kulj/image/upload/v1778056112/2_n8ikdo_529d6c.jpg',1),(3,'https://res.cloudinary.com/dlwy7kulj/image/upload/v1778056317/4_xd81vt_4fbfca.jpg',3),(4,'https://res.cloudinary.com/dlwy7kulj/image/upload/v1778056317/4_xd81vt_4fbfca.jpg',3),(6,'https://res.cloudinary.com/dlwy7kulj/image/upload/v1778056260/2_igyul7_e4f6bc.jpg',2),(7,'https://res.cloudinary.com/dlwy7kulj/image/upload/v1778056256/3_b9cv9w_e4f6bc.jpg',2),(8,'https://res.cloudinary.com/dlwy7kulj/image/upload/v1778056253/4_clbokl_e4f6bc.jpg',2),(9,'https://res.cloudinary.com/dlwy7kulj/image/upload/v1778056248/1_ttlklt_e4f6bc.jpg',2),(10,'https://res.cloudinary.com/dlwy7kulj/image/upload/v1778056325/3_taxxki_4fbfca.jpg',3),(11,'https://res.cloudinary.com/dlwy7kulj/image/upload/v1778056322/2_oj38q6_4fbfca.jpg',3),(12,'https://res.cloudinary.com/dlwy7kulj/image/upload/v1778056383/1_v7ik4u_5d3a54.jpg',4),(13,'https://res.cloudinary.com/dlwy7kulj/image/upload/v1778056377/2_lyz6wg_5d3a54.jpg',4),(14,'https://res.cloudinary.com/dlwy7kulj/image/upload/v1778056372/3_end6an_5d3a54.jpg',4),(15,'https://res.cloudinary.com/dlwy7kulj/image/upload/v1778056368/4_eblwoy_5d3a54.jpg',4),(16,'https://res.cloudinary.com/dlwy7kulj/image/upload/v1778056423/1_mzoonv_fed253.jpg',5),(17,'https://res.cloudinary.com/dlwy7kulj/image/upload/v1778056420/3_gu2cwg_fed253.jpg',5),(18,'https://res.cloudinary.com/dlwy7kulj/image/upload/v1778056417/2_rsgb8n_fed253.jpg',5),(19,'https://res.cloudinary.com/dlwy7kulj/image/upload/v1778056413/4_feayjc_fed253.jpg',5),(20,'https://res.cloudinary.com/dlwy7kulj/image/upload/v1778056107/3_j2hxa4_529d6c.jpg',1),(22,'https://d2e5ushqwiltxm.cloudfront.net/wp-content/uploads/sites/95/2024/01/24043542/DSC03899.jpg',69),(23,'https://d2e5ushqwiltxm.cloudfront.net/wp-content/uploads/sites/95/2024/01/24043535/DSC03855.jpg',69),(24,'https://d2e5ushqwiltxm.cloudfront.net/wp-content/uploads/sites/95/2024/01/24044332/DSC05618.jpg',70),(25,'https://d2e5ushqwiltxm.cloudfront.net/wp-content/uploads/sites/95/2024/01/24044356/DSC05868.jpg',70),(26,'https://d2e5ushqwiltxm.cloudfront.net/wp-content/uploads/sites/95/2024/01/24044356/DSC05868.jpg',71),(27,'https://d2e5ushqwiltxm.cloudfront.net/wp-content/uploads/sites/95/2024/01/24043542/DSC03899.jpg',71),(28,'https://www.caravellehotel.com/wp-content/uploads/Caravelle-Saigon-Deluxe-rooms.jpg',72),(29,'https://www.caravellehotel.com/wp-content/uploads/Caravelle-Saigon-Opera-Rooms-1.jpg',72),(30,'https://www.caravellehotel.com/wp-content/uploads/Caravelle-Saigon-Opera-Rooms-1.jpg',73),(31,'https://www.caravellehotel.com/wp-content/uploads/Caravelle-Saigon-Opera-View-Suite-03-scaled.jpg',73),(32,'https://www.caravellehotel.com/wp-content/uploads/Caravelle-Saigon-Executive-Suite-1.jpg',74),(33,'https://www.caravellehotel.com/wp-content/uploads/Caravelle-Saigon-Deluxe-rooms.jpg',74),(34,'https://www.caravellehotel.com/wp-content/uploads/Caravelle-Saigon-Opera-View-Suite-03-scaled.jpg',75),(35,'https://www.caravellehotel.com/wp-content/uploads/Caravelle-Saigon-Executive-Suite-1.jpg',75),(36,'https://www.thereveriesaigon.com/wp-content/uploads/2021/11/Deluxe-King-Room-Urban-View-Luxury-in-Ho-Chi-Minh-City-The-Reverie-Saigon-2000x1334.jpg',76),(37,'https://www.thereveriesaigon.com/wp-content/uploads/2021/11/The-Reverie-Saigon-Deluxe-Room-Bathroom-1920x1080-1-2000x1125.jpg',76),(38,'https://www.thereveriesaigon.com/wp-content/uploads/2021/11/Grand-Deluxe-Twin-Room-Urban-View-Luxury-in-Ho-Chi-Minh-City-The-Reverie-Saigon-2000x1334.jpg',77),(39,'https://www.thereveriesaigon.com/wp-content/uploads/2021/11/Deluxe-King-Room-Urban-View-Luxury-in-Ho-Chi-Minh-City-The-Reverie-Saigon-2000x1334.jpg',77),(40,'https://www.thereveriesaigon.com/wp-content/uploads/2021/11/Panorama-Deluxe-Room-Urban-View-Luxury-in-Ho-Chi-Minh-City-The-Reverie-Saigon-2000x1334.jpg',78),(41,'https://www.thereveriesaigon.com/wp-content/uploads/2021/11/Bedroom_Panorama-Deluxe-1-1.jpg',78),(42,'https://www.thereveriesaigon.com/wp-content/uploads/2021/11/Designer-Suite-by-Provasi_1920x1080_.jpg',79),(43,'https://www.thereveriesaigon.com/wp-content/uploads/2021/11/The-Reverie-Saigon-Deluxe-Room-Bathroom-1920x1080-1-2000x1125.jpg',79),(44,'https://media.sixsenses.com/B60H3R33/at/g85fs6mcsj3bsfnq2csrr4m4/1_Hill_Top_Pool_Villa-aerial.jpg?fit=crop&format=webp&height=405&width=648',80),(45,'https://media.sixsenses.com/B60H3R33/at/9n2zmqw9gkjzbjksfjb7t4x/Presidential_Suite_bedroom.jpg?fit=crop&format=webp&height=648&width=648',80),(46,'https://media.sixsenses.com/B60H3R33/at/7zb69v8w29nhcmtw59bkmrk5/1_Beachfront_Pool_Villa-aerial.jpg?fit=crop&format=webp&height=405&width=648',81),(47,'https://media.sixsenses.com/B60H3R33/at/gn9bsg6vpv6v3fjtq7wsxjn/Family_Beach_Pool_Villa.jpg?fit=crop&format=webp&height=405&width=648',81),(48,'https://media.sixsenses.com/B60H3R33/at/9bx7v5rhbqg96nv2w6pxgsq/1_Rock_Pool_Villa_aerial.jpg?fit=crop&format=webp&height=405&width=648',82),(49,'https://media.sixsenses.com/B60H3R33/at/9h272hxvs8b3vjhp9k86kjpm/Water_Pool_Villa_bathroom.jpg?fit=crop&format=webp&height=405&width=648',82),(50,'https://media.sixsenses.com/B60H3R33/at/9h272hxvs8b3vjhp9k86kjpm/Water_Pool_Villa_bathroom.jpg?fit=crop&format=webp&height=405&width=648',83),(51,'https://media.sixsenses.com/B60H3R33/at/7zb69v8w29nhcmtw59bkmrk5/1_Beachfront_Pool_Villa-aerial.jpg?fit=crop&format=webp&height=405&width=648',83),(52,'https://media.sixsenses.com/B60H3R33/at/gn9bsg6vpv6v3fjtq7wsxjn/Family_Beach_Pool_Villa.jpg?fit=crop&format=webp&height=405&width=648',84),(53,'https://media.sixsenses.com/B60H3R33/at/g85fs6mcsj3bsfnq2csrr4m4/1_Hill_Top_Pool_Villa-aerial.jpg?fit=crop&format=webp&height=405&width=648',84),(54,'https://lasiestahoianresort.com/wp-content/uploads/2021/06/Premium-Suite-with-Terrace-Club-Wing-4.jpg',85),(55,'https://lasiestahoianresort.com/wp-content/uploads/2021/06/Premium-Suite-with-Terrace-Club-Wing-1.jpg',85),(56,'https://lasiestahoianresort.com/wp-content/uploads/2021/06/Duplex-Suite-Club-Wing-5.jpg',86),(57,'https://lasiestahoianresort.com/wp-content/uploads/2021/06/Duplex-Suite-Club-Wing-1.jpg',86);
/*!40000 ALTER TABLE `room_images` ENABLE KEYS */;
UNLOCK TABLES;

--
-- Table structure for table `room_type`
--

DROP TABLE IF EXISTS `room_type`;
/*!40101 SET @saved_cs_client     = @@character_set_client */;
/*!50503 SET character_set_client = utf8mb4 */;
CREATE TABLE `room_type` (
  `id` bigint NOT NULL AUTO_INCREMENT,
  `name` varchar(120) CHARACTER SET utf8mb4 COLLATE utf8mb4_unicode_ci NOT NULL,
  `capacity` int NOT NULL,
  `description` text CHARACTER SET utf8mb4 COLLATE utf8mb4_unicode_ci,
  `active` tinyint(1) DEFAULT '1',
  PRIMARY KEY (`id`)
) ENGINE=InnoDB AUTO_INCREMENT=9 DEFAULT CHARSET=utf8mb4 COLLATE=utf8mb4_unicode_ci;
/*!40101 SET character_set_client = @saved_cs_client */;

--
-- Dumping data for table `room_type`
--

LOCK TABLES `room_type` WRITE;
/*!40000 ALTER TABLE `room_type` DISABLE KEYS */;
INSERT INTO `room_type` VALUES (1,'Standard Single',1,'Phòng đơn tiêu chuẩn, đầy đủ tiện nghi cơ bản',1),(2,'Deluxe Double',2,'Phòng đôi cao cấp, hướng biển, có ban công',1),(3,'VIP Suite',4,'Phòng hạng sang, phòng khách riêng, bồn tắm nằm',1),(4,'Luxury City Room',2,'Phong hang sang huong thanh pho, phu hop khach cong tac va nghi duong.',1),(5,'Heritage Suite',3,'Suite lay cam hung tu cac khach san lich su voi phong khach rieng.',1),(6,'Beach Pool Villa',3,'Villa nghi duong bien co ho boi rieng va khong gian ngoai troi.',1),(7,'Family Suite',5,'Phong gia dinh nhieu giuong, dien tich lon, thuan tien cho ky nghi dai ngay.',1),(8,'Presidential Suite',4,'Suite cao cap voi phong khach lon, tam nhin dep va dich vu uu tien.',1);
/*!40000 ALTER TABLE `room_type` ENABLE KEYS */;
UNLOCK TABLES;

--
-- Table structure for table `service_order`
--

DROP TABLE IF EXISTS `service_order`;
/*!40101 SET @saved_cs_client     = @@character_set_client */;
/*!50503 SET character_set_client = utf8mb4 */;
CREATE TABLE `service_order` (
  `id` bigint NOT NULL AUTO_INCREMENT,
  `reservation_id` bigint NOT NULL,
  `service_id` bigint NOT NULL,
  `qty` int DEFAULT '1',
  `unit_price` decimal(12,2) NOT NULL,
  `amount` decimal(12,2) NOT NULL,
  `ordered_at` timestamp NULL DEFAULT CURRENT_TIMESTAMP,
  `notes` text CHARACTER SET utf8mb4 COLLATE utf8mb4_unicode_ci,
  `status` varchar(20) CHARACTER SET utf8mb4 COLLATE utf8mb4_unicode_ci NOT NULL DEFAULT 'PENDING',
  `updated_at` timestamp NULL DEFAULT CURRENT_TIMESTAMP ON UPDATE CURRENT_TIMESTAMP,
  PRIMARY KEY (`id`),
  KEY `reservation_id` (`reservation_id`),
  KEY `service_id` (`service_id`),
  CONSTRAINT `service_order_ibfk_1` FOREIGN KEY (`reservation_id`) REFERENCES `reservation` (`id`) ON DELETE CASCADE,
  CONSTRAINT `service_order_ibfk_2` FOREIGN KEY (`service_id`) REFERENCES `services` (`id`)
) ENGINE=InnoDB AUTO_INCREMENT=107 DEFAULT CHARSET=utf8mb4 COLLATE=utf8mb4_unicode_ci;
/*!40101 SET character_set_client = @saved_cs_client */;

--
-- Dumping data for table `service_order`
--

LOCK TABLES `service_order` WRITE;
/*!40000 ALTER TABLE `service_order` DISABLE KEYS */;
INSERT INTO `service_order` VALUES (5,3,7,2,350000.00,700000.00,'2023-01-08 05:00:00','Dich vu bo sung cho du lieu thong ke.','CANCELLED','2023-01-08 07:00:00'),(6,3,3,1,400000.00,400000.00,'2023-01-08 10:00:00','Dich vu bo sung cho du lieu thong ke.','PENDING','2023-01-08 12:00:00'),(7,3,10,1,1200000.00,1200000.00,'2023-01-08 15:00:00','Dich vu bo sung cho du lieu thong ke.','COMPLETED','2023-01-08 17:00:00'),(8,4,8,1,180000.00,180000.00,'2023-01-29 06:00:00','Dich vu bo sung cho du lieu thong ke.','COMPLETED','2023-01-29 08:00:00'),(9,5,6,1,650000.00,650000.00,'2023-02-19 07:00:00','Dich vu bo sung cho du lieu thong ke.','COMPLETED','2023-02-19 09:00:00'),(10,5,4,2,900000.00,1800000.00,'2023-02-19 12:00:00','Dich vu bo sung cho du lieu thong ke.','COMPLETED','2023-02-19 14:00:00'),(11,6,3,2,400000.00,800000.00,'2023-03-12 08:00:00','Dich vu bo sung cho du lieu thong ke.','COMPLETED','2023-03-12 10:00:00'),(12,7,12,1,900000.00,900000.00,'2023-04-02 05:00:00','Dich vu bo sung cho du lieu thong ke.','COMPLETED','2023-04-02 07:00:00'),(13,7,11,1,500000.00,500000.00,'2023-04-02 10:00:00','Dich vu bo sung cho du lieu thong ke.','COMPLETED','2023-04-02 12:00:00'),(14,8,4,1,900000.00,900000.00,'2023-04-23 06:00:00','Dich vu bo sung cho du lieu thong ke.','COMPLETED','2023-04-23 08:00:00'),(15,8,2,2,300000.00,600000.00,'2023-04-23 11:00:00','Dich vu bo sung cho du lieu thong ke.','COMPLETED','2023-04-23 13:00:00'),(16,9,10,2,1200000.00,2400000.00,'2023-05-14 07:00:00','Dich vu bo sung cho du lieu thong ke.','COMPLETED','2023-05-14 09:00:00'),(17,9,5,1,1700000.00,1700000.00,'2023-05-14 12:00:00','Dich vu bo sung cho du lieu thong ke.','COMPLETED','2023-05-14 14:00:00'),(18,10,11,1,500000.00,500000.00,'2023-06-04 08:00:00','Dich vu bo sung cho du lieu thong ke.','COMPLETED','2023-06-04 10:00:00'),(19,11,2,1,300000.00,300000.00,'2023-06-25 05:00:00','Dich vu bo sung cho du lieu thong ke.','COMPLETED','2023-06-25 07:00:00'),(20,11,7,2,350000.00,700000.00,'2023-06-25 10:00:00','Dich vu bo sung cho du lieu thong ke.','COMPLETED','2023-06-25 12:00:00'),(21,12,5,2,1700000.00,3400000.00,'2023-07-16 06:00:00','Dich vu bo sung cho du lieu thong ke.','COMPLETED','2023-07-16 08:00:00'),(22,13,9,1,750000.00,750000.00,'2023-08-06 07:00:00','Dich vu bo sung cho du lieu thong ke.','COMPLETED','2023-08-06 09:00:00'),(23,13,6,1,650000.00,650000.00,'2023-08-06 12:00:00','Dich vu bo sung cho du lieu thong ke.','COMPLETED','2023-08-06 14:00:00'),(24,13,4,2,900000.00,1800000.00,'2023-08-06 17:00:00','Dich vu bo sung cho du lieu thong ke.','COMPLETED','2023-08-06 19:00:00'),(25,14,7,1,350000.00,350000.00,'2023-08-27 08:00:00','Dich vu bo sung cho du lieu thong ke.','COMPLETED','2023-08-27 10:00:00'),(26,15,8,2,180000.00,360000.00,'2023-09-17 05:00:00','Dich vu bo sung cho du lieu thong ke.','COMPLETED','2023-09-17 07:00:00'),(27,15,12,1,900000.00,900000.00,'2023-09-17 10:00:00','Dich vu bo sung cho du lieu thong ke.','COMPLETED','2023-09-17 12:00:00'),(28,16,6,1,650000.00,650000.00,'2023-10-08 06:00:00','Dich vu bo sung cho du lieu thong ke.','COMPLETED','2023-10-08 08:00:00'),(29,17,3,1,400000.00,400000.00,'2023-10-29 07:00:00','Dich vu bo sung cho du lieu thong ke.','COMPLETED','2023-10-29 09:00:00'),(30,17,10,2,1200000.00,2400000.00,'2023-10-29 12:00:00','Dich vu bo sung cho du lieu thong ke.','COMPLETED','2023-10-29 14:00:00'),(31,18,12,2,900000.00,1800000.00,'2023-11-19 08:00:00','Dich vu bo sung cho du lieu thong ke.','COMPLETED','2023-11-19 10:00:00'),(32,18,11,1,500000.00,500000.00,'2023-11-19 13:00:00','Dich vu bo sung cho du lieu thong ke.','COMPLETED','2023-11-19 15:00:00'),(33,19,4,1,900000.00,900000.00,'2023-12-10 05:00:00','Dich vu bo sung cho du lieu thong ke.','COMPLETED','2023-12-10 07:00:00'),(34,19,2,1,300000.00,300000.00,'2023-12-10 10:00:00','Dich vu bo sung cho du lieu thong ke.','COMPLETED','2023-12-10 12:00:00'),(35,20,10,1,1200000.00,1200000.00,'2023-12-14 06:00:00','Dich vu bo sung cho du lieu thong ke.','COMPLETED','2023-12-14 08:00:00'),(36,21,11,2,500000.00,1000000.00,'2024-01-04 07:00:00','Dich vu bo sung cho du lieu thong ke.','COMPLETED','2024-01-04 09:00:00'),(37,21,9,1,750000.00,750000.00,'2024-01-04 12:00:00','Dich vu bo sung cho du lieu thong ke.','COMPLETED','2024-01-04 14:00:00'),(38,22,2,1,300000.00,300000.00,'2024-01-25 08:00:00','Dich vu bo sung cho du lieu thong ke.','CANCELLED','2024-01-25 10:00:00'),(39,23,5,1,1700000.00,1700000.00,'2024-02-15 05:00:00','Dich vu bo sung cho du lieu thong ke.','COMPLETED','2024-02-15 07:00:00'),(40,23,8,2,180000.00,360000.00,'2024-02-15 10:00:00','Dich vu bo sung cho du lieu thong ke.','COMPLETED','2024-02-15 12:00:00'),(41,23,12,1,900000.00,900000.00,'2024-02-15 15:00:00','Dich vu bo sung cho du lieu thong ke.','COMPLETED','2024-02-15 17:00:00'),(42,24,9,2,750000.00,1500000.00,'2024-03-07 06:00:00','Dich vu bo sung cho du lieu thong ke.','COMPLETED','2024-03-07 08:00:00'),(43,25,7,1,350000.00,350000.00,'2024-03-28 07:00:00','Dich vu bo sung cho du lieu thong ke.','COMPLETED','2024-03-28 09:00:00'),(44,25,3,1,400000.00,400000.00,'2024-03-28 12:00:00','Dich vu bo sung cho du lieu thong ke.','COMPLETED','2024-03-28 14:00:00'),(45,26,8,1,180000.00,180000.00,'2024-04-18 08:00:00','Dich vu bo sung cho du lieu thong ke.','COMPLETED','2024-04-18 10:00:00'),(46,27,6,2,650000.00,1300000.00,'2024-05-09 05:00:00','Dich vu bo sung cho du lieu thong ke.','COMPLETED','2024-05-09 07:00:00'),(47,27,4,1,900000.00,900000.00,'2024-05-09 10:00:00','Dich vu bo sung cho du lieu thong ke.','COMPLETED','2024-05-09 12:00:00'),(48,28,3,1,400000.00,400000.00,'2024-05-30 06:00:00','Dich vu bo sung cho du lieu thong ke.','COMPLETED','2024-05-30 08:00:00'),(49,28,10,1,1200000.00,1200000.00,'2024-05-30 11:00:00','Dich vu bo sung cho du lieu thong ke.','COMPLETED','2024-05-30 13:00:00'),(50,29,12,1,900000.00,900000.00,'2024-06-20 07:00:00','Dich vu bo sung cho du lieu thong ke.','COMPLETED','2024-06-20 09:00:00'),(51,29,11,2,500000.00,1000000.00,'2024-06-20 12:00:00','Dich vu bo sung cho du lieu thong ke.','PENDING','2024-06-20 14:00:00'),(52,30,4,2,900000.00,1800000.00,'2024-07-11 08:00:00','Dich vu bo sung cho du lieu thong ke.','COMPLETED','2024-07-11 10:00:00'),(53,31,10,1,1200000.00,1200000.00,'2024-08-01 05:00:00','Dich vu bo sung cho du lieu thong ke.','COMPLETED','2024-08-01 07:00:00'),(54,31,5,1,1700000.00,1700000.00,'2024-08-01 10:00:00','Dich vu bo sung cho du lieu thong ke.','COMPLETED','2024-08-01 12:00:00'),(55,32,11,1,500000.00,500000.00,'2024-08-22 06:00:00','Dich vu bo sung cho du lieu thong ke.','COMPLETED','2024-08-22 08:00:00'),(56,33,2,2,300000.00,600000.00,'2024-09-12 07:00:00','Dich vu bo sung cho du lieu thong ke.','COMPLETED','2024-09-12 09:00:00'),(57,33,7,1,350000.00,350000.00,'2024-09-12 12:00:00','Dich vu bo sung cho du lieu thong ke.','COMPLETED','2024-09-12 14:00:00'),(58,33,3,1,400000.00,400000.00,'2024-09-12 17:00:00','Dich vu bo sung cho du lieu thong ke.','COMPLETED','2024-09-12 19:00:00'),(59,34,5,1,1700000.00,1700000.00,'2024-10-03 08:00:00','Dich vu bo sung cho du lieu thong ke.','COMPLETED','2024-10-03 10:00:00'),(60,35,9,1,750000.00,750000.00,'2024-10-24 05:00:00','Dich vu bo sung cho du lieu thong ke.','COMPLETED','2024-10-24 07:00:00'),(61,35,6,2,650000.00,1300000.00,'2024-10-24 10:00:00','Dich vu bo sung cho du lieu thong ke.','COMPLETED','2024-10-24 12:00:00'),(62,36,7,2,350000.00,700000.00,'2024-11-14 06:00:00','Dich vu bo sung cho du lieu thong ke.','COMPLETED','2024-11-14 08:00:00'),(63,37,8,1,180000.00,180000.00,'2024-11-18 07:00:00','Dich vu bo sung cho du lieu thong ke.','COMPLETED','2024-11-18 09:00:00'),(64,37,12,1,900000.00,900000.00,'2024-11-18 12:00:00','Dich vu bo sung cho du lieu thong ke.','COMPLETED','2024-11-18 14:00:00'),(65,38,6,1,650000.00,650000.00,'2024-12-09 08:00:00','Dich vu bo sung cho du lieu thong ke.','COMPLETED','2024-12-09 10:00:00'),(66,38,4,2,900000.00,1800000.00,'2024-12-09 13:00:00','Dich vu bo sung cho du lieu thong ke.','COMPLETED','2024-12-09 15:00:00'),(67,39,3,2,400000.00,800000.00,'2024-12-30 05:00:00','Dich vu bo sung cho du lieu thong ke.','COMPLETED','2024-12-30 07:00:00'),(68,39,10,1,1200000.00,1200000.00,'2024-12-30 10:00:00','Dich vu bo sung cho du lieu thong ke.','COMPLETED','2024-12-30 12:00:00'),(69,40,12,1,900000.00,900000.00,'2025-01-20 06:00:00','Dich vu bo sung cho du lieu thong ke.','COMPLETED','2025-01-20 08:00:00'),(70,41,4,1,900000.00,900000.00,'2025-02-10 07:00:00','Dich vu bo sung cho du lieu thong ke.','CANCELLED','2025-02-10 09:00:00'),(71,41,2,2,300000.00,600000.00,'2025-02-10 12:00:00','Dich vu bo sung cho du lieu thong ke.','COMPLETED','2025-02-10 14:00:00'),(72,42,10,2,1200000.00,2400000.00,'2025-03-03 08:00:00','Dich vu bo sung cho du lieu thong ke.','COMPLETED','2025-03-03 10:00:00'),(73,43,11,1,500000.00,500000.00,'2025-03-24 05:00:00','Dich vu bo sung cho du lieu thong ke.','COMPLETED','2025-03-24 07:00:00'),(74,43,9,1,750000.00,750000.00,'2025-03-24 10:00:00','Dich vu bo sung cho du lieu thong ke.','COMPLETED','2025-03-24 12:00:00'),(75,43,6,2,650000.00,1300000.00,'2025-03-24 15:00:00','Dich vu bo sung cho du lieu thong ke.','COMPLETED','2025-03-24 17:00:00'),(76,44,2,1,300000.00,300000.00,'2025-04-14 06:00:00','Dich vu bo sung cho du lieu thong ke.','COMPLETED','2025-04-14 08:00:00'),(77,45,5,2,1700000.00,3400000.00,'2025-05-05 07:00:00','Dich vu bo sung cho du lieu thong ke.','COMPLETED','2025-05-05 09:00:00'),(78,45,8,1,180000.00,180000.00,'2025-05-05 12:00:00','Dich vu bo sung cho du lieu thong ke.','COMPLETED','2025-05-05 14:00:00'),(79,46,9,1,750000.00,750000.00,'2025-05-26 08:00:00','Dich vu bo sung cho du lieu thong ke.','COMPLETED','2025-05-26 10:00:00'),(80,47,7,1,350000.00,350000.00,'2025-06-16 05:00:00','Dich vu bo sung cho du lieu thong ke.','COMPLETED','2025-06-16 07:00:00'),(81,47,3,2,400000.00,800000.00,'2025-06-16 10:00:00','Dich vu bo sung cho du lieu thong ke.','COMPLETED','2025-06-16 12:00:00'),(82,48,8,2,180000.00,360000.00,'2025-07-07 06:00:00','Dich vu bo sung cho du lieu thong ke.','COMPLETED','2025-07-07 08:00:00'),(83,48,12,1,900000.00,900000.00,'2025-07-07 11:00:00','Dich vu bo sung cho du lieu thong ke.','COMPLETED','2025-07-07 13:00:00'),(84,49,6,1,650000.00,650000.00,'2025-07-28 07:00:00','Dich vu bo sung cho du lieu thong ke.','COMPLETED','2025-07-28 09:00:00'),(85,49,4,1,900000.00,900000.00,'2025-07-28 12:00:00','Dich vu bo sung cho du lieu thong ke.','COMPLETED','2025-07-28 14:00:00'),(86,50,3,1,400000.00,400000.00,'2025-08-18 08:00:00','Dich vu bo sung cho du lieu thong ke.','COMPLETED','2025-08-18 10:00:00'),(87,51,12,2,900000.00,1800000.00,'2025-09-08 05:00:00','Dich vu bo sung cho du lieu thong ke.','COMPLETED','2025-09-08 07:00:00'),(88,51,11,1,500000.00,500000.00,'2025-09-08 10:00:00','Dich vu bo sung cho du lieu thong ke.','COMPLETED','2025-09-08 12:00:00'),(89,52,4,1,900000.00,900000.00,'2025-09-29 06:00:00','Dich vu bo sung cho du lieu thong ke.','COMPLETED','2025-09-29 08:00:00'),(90,53,10,1,1200000.00,1200000.00,'2025-10-20 07:00:00','Dich vu bo sung cho du lieu thong ke.','COMPLETED','2025-10-20 09:00:00'),(91,53,5,2,1700000.00,3400000.00,'2025-10-20 12:00:00','Dich vu bo sung cho du lieu thong ke.','COMPLETED','2025-10-20 14:00:00'),(92,53,8,1,180000.00,180000.00,'2025-10-20 17:00:00','Dich vu bo sung cho du lieu thong ke.','COMPLETED','2025-10-20 19:00:00'),(93,54,11,2,500000.00,1000000.00,'2025-10-24 08:00:00','Dich vu bo sung cho du lieu thong ke.','COMPLETED','2025-10-24 10:00:00'),(94,55,2,1,300000.00,300000.00,'2025-11-14 05:00:00','Dich vu bo sung cho du lieu thong ke.','COMPLETED','2025-11-14 07:00:00'),(95,55,7,1,350000.00,350000.00,'2025-11-14 10:00:00','Dich vu bo sung cho du lieu thong ke.','PENDING','2025-11-14 12:00:00'),(96,56,5,1,1700000.00,1700000.00,'2025-12-05 06:00:00','Dich vu bo sung cho du lieu thong ke.','COMPLETED','2025-12-05 08:00:00'),(97,57,9,2,750000.00,1500000.00,'2025-12-26 07:00:00','Dich vu bo sung cho du lieu thong ke.','COMPLETED','2025-12-26 09:00:00'),(98,57,6,1,650000.00,650000.00,'2025-12-26 12:00:00','Dich vu bo sung cho du lieu thong ke.','COMPLETED','2025-12-26 14:00:00'),(99,58,7,1,350000.00,350000.00,'2026-01-16 08:00:00','Dich vu bo sung cho du lieu thong ke.','COMPLETED','2026-01-16 10:00:00'),(100,58,3,1,400000.00,400000.00,'2026-01-16 13:00:00','Dich vu bo sung cho du lieu thong ke.','COMPLETED','2026-01-16 15:00:00'),(101,59,8,1,180000.00,180000.00,'2026-02-06 05:00:00','Dich vu bo sung cho du lieu thong ke.','COMPLETED','2026-02-06 07:00:00'),(102,59,12,2,900000.00,1800000.00,'2026-02-06 10:00:00','Dich vu bo sung cho du lieu thong ke.','COMPLETED','2026-02-06 12:00:00'),(103,60,6,2,650000.00,1300000.00,'2026-02-27 06:00:00','Dich vu bo sung cho du lieu thong ke.','CANCELLED','2026-02-27 08:00:00'),(104,61,3,1,400000.00,400000.00,'2026-03-20 07:00:00','Dich vu bo sung cho du lieu thong ke.','COMPLETED','2026-03-20 09:00:00'),(105,61,10,1,1200000.00,1200000.00,'2026-03-20 12:00:00','Dich vu bo sung cho du lieu thong ke.','COMPLETED','2026-03-20 14:00:00'),(106,62,12,1,900000.00,900000.00,'2026-04-10 08:00:00','Dich vu bo sung cho du lieu thong ke.','COMPLETED','2026-04-10 10:00:00');
/*!40000 ALTER TABLE `service_order` ENABLE KEYS */;
UNLOCK TABLES;

--
-- Table structure for table `services`
--

DROP TABLE IF EXISTS `services`;
/*!40101 SET @saved_cs_client     = @@character_set_client */;
/*!50503 SET character_set_client = utf8mb4 */;
CREATE TABLE `services` (
  `id` bigint NOT NULL AUTO_INCREMENT,
  `name` varchar(120) CHARACTER SET utf8mb4 COLLATE utf8mb4_unicode_ci NOT NULL,
  `price` decimal(12,2) NOT NULL,
  `description` text CHARACTER SET utf8mb4 COLLATE utf8mb4_unicode_ci,
  `active` tinyint(1) DEFAULT '1',
  PRIMARY KEY (`id`)
) ENGINE=InnoDB AUTO_INCREMENT=13 DEFAULT CHARSET=utf8mb4 COLLATE=utf8mb4_unicode_ci;
/*!40101 SET character_set_client = @saved_cs_client */;

--
-- Dumping data for table `services`
--

LOCK TABLES `services` WRITE;
/*!40000 ALTER TABLE `services` DISABLE KEYS */;
INSERT INTO `services` VALUES (2,'Dọn phòng',300000.00,'Tính theo kg đồ thường',1),(3,'Đưa đón',400000.00,'Dịch vụ xe riêng tiện lợi, đặt lịch trước để đảm bảo đúng giờ.',1),(4,'Ẩm thực cá nhân',900000.00,'Bữa ăn riêng tư với thực đơn chọn sẵn, phục vụ tại phòng hoặc nhà hàng.',1),(5,'Ẩm thực couple',1700000.00,'Không gian lãng mạn với set menu đặc biệt, phù hợp cho những dịp đặc biệt.',1),(6,'Spa Signature',650000.00,'Massage thu gian va cham soc co the tai spa.',1),(7,'Buffet Sang',350000.00,'Buffet sang tai nha hang khach san.',1),(8,'Giat ui nhanh',180000.00,'Giat ui trong ngay cho khach luu tru.',1),(9,'Trang tri phong',750000.00,'Trang tri phong cho ky niem, sinh nhat hoac cau hon.',1),(10,'Tour thanh pho',1200000.00,'Tour nua ngay tham quan diem den noi bat.',1),(11,'Late checkout',500000.00,'Gia han tra phong theo gio khi con phong trong.',1),(12,'Xe limousine san bay',900000.00,'Xe rieng dua don san bay theo lich dat truoc.',1);
/*!40000 ALTER TABLE `services` ENABLE KEYS */;
UNLOCK TABLES;

--
-- Table structure for table `user`
--

DROP TABLE IF EXISTS `user`;
/*!40101 SET @saved_cs_client     = @@character_set_client */;
/*!50503 SET character_set_client = utf8mb4 */;
CREATE TABLE `user` (
  `id` bigint NOT NULL AUTO_INCREMENT,
  `email` varchar(255) CHARACTER SET utf8mb4 COLLATE utf8mb4_unicode_ci NOT NULL,
  `username` varchar(50) CHARACTER SET utf8mb4 COLLATE utf8mb4_unicode_ci NOT NULL,
  `password` varchar(255) CHARACTER SET utf8mb4 COLLATE utf8mb4_unicode_ci NOT NULL,
  `full_name` varchar(255) CHARACTER SET utf8mb4 COLLATE utf8mb4_unicode_ci DEFAULT NULL,
  `phone` varchar(30) CHARACTER SET utf8mb4 COLLATE utf8mb4_unicode_ci DEFAULT NULL,
  `role` enum('ROLE_ADMIN','RECEPTIONIST','ROLE_CUSTOMER','ROLE_STAFF') CHARACTER SET utf8mb4 COLLATE utf8mb4_unicode_ci DEFAULT 'ROLE_CUSTOMER',
  `enabled` tinyint(1) DEFAULT '1',
  `created_at` datetime DEFAULT CURRENT_TIMESTAMP,
  `avatar` varchar(255) CHARACTER SET utf8mb4 COLLATE utf8mb4_unicode_ci DEFAULT 'https://res.cloudinary.com/dlwy7kulj/image/upload/v1775204528/cloud_abmgyq.png',
  PRIMARY KEY (`id`),
  UNIQUE KEY `email` (`email`),
  UNIQUE KEY `username` (`username`)
) ENGINE=InnoDB AUTO_INCREMENT=71 DEFAULT CHARSET=utf8mb4 COLLATE=utf8mb4_unicode_ci;
/*!40101 SET character_set_client = @saved_cs_client */;

--
-- Dumping data for table `user`
--

LOCK TABLES `user` WRITE;
/*!40000 ALTER TABLE `user` DISABLE KEYS */;
INSERT INTO `user` VALUES (1,'admin@smarthotel.com','admin','$2a$10$auLcOBgZaWB6P3lnC5f.aOjEt8I.ry6IslhgrEq8MlawN.P0mp.My','Nguyễn Quản Trị','0901112220','ROLE_ADMIN',1,'2026-04-02 11:58:53','https://res.cloudinary.com/dlwy7kulj/image/upload/v1775204528/cloud_abmgyq.png'),(2,'reception@smarthotel.com','letan01','$2a$10$auLcOBgZaWB6P3lnC5f.aOjEt8I.ry6IslhgrEq8MlawN.P0mp.My','Trần Thị Lễ Tân','0903334440','RECEPTIONIST',1,'2026-04-02 11:58:53','https://res.cloudinary.com/dlwy7kulj/image/upload/v1775204528/cloud_abmgyq.png'),(3,'customer01@gmail.com','khachhang01','$2a$10$auLcOBgZaWB6P3lnC5f.aOjEt8I.ry6IslhgrEq8MlawN.P0mp.My','Lê Văn Khách','0905556660','ROLE_CUSTOMER',1,'2026-04-02 11:58:53','https://res.cloudinary.com/dlwy7kulj/image/upload/v1775204528/cloud_abmgyq.png'),(4,'customer02@gmail.com','khachhang02','$2a$10$auLcOBgZaWB6P3lnC5f.aOjEt8I.ry6IslhgrEq8MlawN.P0mp.My','Phạm Thị Guest','0907778880','ROLE_CUSTOMER',1,'2026-04-02 11:58:53','https://res.cloudinary.com/dlwy7kulj/image/upload/v1775204528/cloud_abmgyq.png'),(5,'2351050032do@ou.edu.vn','ngocdo','$2a$10$Wu0k4J7GuY9525iXYo8XteR9YAcJ0uvpY80Gm4HoZSpw8DVlyI/r2','Nguyễn Ngọc Đô','0243423430','ROLE_CUSTOMER',1,'2026-04-02 11:58:53','https://res.cloudinary.com/dlwy7kulj/image/upload/v1775385843/ifzntvowhzlpgutstkkq.jpg'),(6,'2351050047hoang@ou.edu.vn ','hoang','$2a$10$auLcOBgZaWB6P3lnC5f.aOjEt8I.ry6IslhgrEq8MlawN.P0mp.My','Huỳnh Văn Hoàng','0534235460','ROLE_CUSTOMER',1,'2026-04-15 21:24:43','https://res.cloudinary.com/dlwy7kulj/image/upload/v1775204528/cloud_abmgyq.png'),(8,'test@gmail.com','staff02','$2a$10$5C79grQnLLoWTHJpSCG7muW2ZJbPmdF91ru5.ab7yrFrnr3dCLj8K','Nhân Viên 02','0435234350','ROLE_STAFF',1,'2026-04-02 11:58:53','https://res.cloudinary.com/dlwy7kulj/image/upload/v1778077069/so8nngyj4b1sheatteb9.png'),(9,'0335823877v123h@gmail.com','staff03','$2a$10$5FswGPp2opWOQDCJNBZm/uT75Rk70/JgnkMdH587zKcGvOdvu7rFG','Nhân Viên 01','0234263450','ROLE_STAFF',1,'2026-04-02 11:58:53','https://res.cloudinary.com/dlwy7kulj/image/upload/v1778077173/edkjzjosmwpi8bnaj7mg.jpg'),(10,'0335823877vh222@gmail.com','staff04','$2a$10$SY2vmfzoT3CLvvKElfghtewliFC4CnRtRxBu0YIKZM5JNwuOYIVOa','Nhân Viên 03','0335823877','ROLE_STAFF',1,'2026-04-02 11:58:53','https://res.cloudinary.com/dlwy7kulj/image/upload/v1778078210/jzqyd5zjlcfo03zjuj11.jpg'),(11,'guest001@example.com','guest001','$2a$10$auLcOBgZaWB6P3lnC5f.aOjEt8I.ry6IslhgrEq8MlawN.P0mp.My','Nguyen Van An','0912000000','ROLE_CUSTOMER',1,'2023-01-03 09:00:00','https://res.cloudinary.com/dlwy7kulj/image/upload/v1775204528/cloud_abmgyq.png'),(12,'guest002@example.com','guest002','$2a$10$auLcOBgZaWB6P3lnC5f.aOjEt8I.ry6IslhgrEq8MlawN.P0mp.My','Tran Quoc Khoa','0912007919','ROLE_CUSTOMER',1,'2023-01-22 09:00:00','https://res.cloudinary.com/dlwy7kulj/image/upload/v1775204528/cloud_abmgyq.png'),(13,'guest003@example.com','guest003','$2a$10$auLcOBgZaWB6P3lnC5f.aOjEt8I.ry6IslhgrEq8MlawN.P0mp.My','Le Gia Phuc','0912015838','ROLE_CUSTOMER',1,'2023-02-10 09:00:00','https://res.cloudinary.com/dlwy7kulj/image/upload/v1775204528/cloud_abmgyq.png'),(14,'guest004@example.com','guest004','$2a$10$auLcOBgZaWB6P3lnC5f.aOjEt8I.ry6IslhgrEq8MlawN.P0mp.My','Pham Anh An','0912023757','ROLE_CUSTOMER',1,'2023-03-01 09:00:00','https://res.cloudinary.com/dlwy7kulj/image/upload/v1775204528/cloud_abmgyq.png'),(15,'guest005@example.com','guest005','$2a$10$auLcOBgZaWB6P3lnC5f.aOjEt8I.ry6IslhgrEq8MlawN.P0mp.My','Hoang Minh Khoa','0912031676','ROLE_CUSTOMER',1,'2023-03-20 09:00:00','https://res.cloudinary.com/dlwy7kulj/image/upload/v1775204528/cloud_abmgyq.png'),(16,'guest006@example.com','guest006','$2a$10$auLcOBgZaWB6P3lnC5f.aOjEt8I.ry6IslhgrEq8MlawN.P0mp.My','Phan Hoai Phuc','0912039595','ROLE_CUSTOMER',1,'2023-04-08 09:00:00','https://res.cloudinary.com/dlwy7kulj/image/upload/v1775204528/cloud_abmgyq.png'),(17,'guest007@example.com','guest007','$2a$10$auLcOBgZaWB6P3lnC5f.aOjEt8I.ry6IslhgrEq8MlawN.P0mp.My','Vu Duc An','0912047514','ROLE_CUSTOMER',1,'2023-04-27 09:00:00','https://res.cloudinary.com/dlwy7kulj/image/upload/v1775204528/cloud_abmgyq.png'),(18,'guest008@example.com','guest008','$2a$10$auLcOBgZaWB6P3lnC5f.aOjEt8I.ry6IslhgrEq8MlawN.P0mp.My','Dang Thi Khoa','0912055433','ROLE_CUSTOMER',1,'2023-05-16 09:00:00','https://res.cloudinary.com/dlwy7kulj/image/upload/v1775204528/cloud_abmgyq.png'),(19,'guest009@example.com','guest009','$2a$10$auLcOBgZaWB6P3lnC5f.aOjEt8I.ry6IslhgrEq8MlawN.P0mp.My','Bui Thanh Phuc','0912063352','ROLE_CUSTOMER',1,'2023-06-04 09:00:00','https://res.cloudinary.com/dlwy7kulj/image/upload/v1775204528/cloud_abmgyq.png'),(20,'guest010@example.com','guest010','$2a$10$auLcOBgZaWB6P3lnC5f.aOjEt8I.ry6IslhgrEq8MlawN.P0mp.My','Do Ngoc An','0912071271','ROLE_CUSTOMER',1,'2023-06-23 09:00:00','https://res.cloudinary.com/dlwy7kulj/image/upload/v1775204528/cloud_abmgyq.png'),(21,'guest011@example.com','guest011','$2a$10$auLcOBgZaWB6P3lnC5f.aOjEt8I.ry6IslhgrEq8MlawN.P0mp.My','Nguyen Van Khoa','0912079190','ROLE_CUSTOMER',1,'2023-07-12 09:00:00','https://res.cloudinary.com/dlwy7kulj/image/upload/v1775204528/cloud_abmgyq.png'),(22,'guest012@example.com','guest012','$2a$10$auLcOBgZaWB6P3lnC5f.aOjEt8I.ry6IslhgrEq8MlawN.P0mp.My','Tran Quoc Phuc','0912087109','ROLE_CUSTOMER',1,'2023-07-31 09:00:00','https://res.cloudinary.com/dlwy7kulj/image/upload/v1775204528/cloud_abmgyq.png'),(23,'guest013@example.com','guest013','$2a$10$auLcOBgZaWB6P3lnC5f.aOjEt8I.ry6IslhgrEq8MlawN.P0mp.My','Le Gia An','0912095028','ROLE_CUSTOMER',1,'2023-08-19 09:00:00','https://res.cloudinary.com/dlwy7kulj/image/upload/v1775204528/cloud_abmgyq.png'),(24,'guest014@example.com','guest014','$2a$10$auLcOBgZaWB6P3lnC5f.aOjEt8I.ry6IslhgrEq8MlawN.P0mp.My','Pham Anh Khoa','0912102947','ROLE_CUSTOMER',1,'2023-09-07 09:00:00','https://res.cloudinary.com/dlwy7kulj/image/upload/v1775204528/cloud_abmgyq.png'),(25,'guest015@example.com','guest015','$2a$10$auLcOBgZaWB6P3lnC5f.aOjEt8I.ry6IslhgrEq8MlawN.P0mp.My','Hoang Minh Phuc','0912110866','ROLE_CUSTOMER',1,'2023-09-26 09:00:00','https://res.cloudinary.com/dlwy7kulj/image/upload/v1775204528/cloud_abmgyq.png'),(26,'guest016@example.com','guest016','$2a$10$auLcOBgZaWB6P3lnC5f.aOjEt8I.ry6IslhgrEq8MlawN.P0mp.My','Phan Hoai An','0912118785','ROLE_CUSTOMER',1,'2023-10-15 09:00:00','https://res.cloudinary.com/dlwy7kulj/image/upload/v1775204528/cloud_abmgyq.png'),(27,'guest017@example.com','guest017','$2a$10$auLcOBgZaWB6P3lnC5f.aOjEt8I.ry6IslhgrEq8MlawN.P0mp.My','Vu Duc Khoa','0912126704','ROLE_CUSTOMER',1,'2023-11-03 09:00:00','https://res.cloudinary.com/dlwy7kulj/image/upload/v1775204528/cloud_abmgyq.png'),(28,'guest018@example.com','guest018','$2a$10$auLcOBgZaWB6P3lnC5f.aOjEt8I.ry6IslhgrEq8MlawN.P0mp.My','Dang Thi Phuc','0912134623','ROLE_CUSTOMER',1,'2023-11-22 09:00:00','https://res.cloudinary.com/dlwy7kulj/image/upload/v1775204528/cloud_abmgyq.png'),(29,'guest019@example.com','guest019','$2a$10$auLcOBgZaWB6P3lnC5f.aOjEt8I.ry6IslhgrEq8MlawN.P0mp.My','Bui Thanh An','0912142542','ROLE_CUSTOMER',1,'2023-12-11 09:00:00','https://res.cloudinary.com/dlwy7kulj/image/upload/v1775204528/cloud_abmgyq.png'),(30,'guest020@example.com','guest020','$2a$10$auLcOBgZaWB6P3lnC5f.aOjEt8I.ry6IslhgrEq8MlawN.P0mp.My','Do Ngoc Khoa','0912150461','ROLE_CUSTOMER',1,'2023-12-30 09:00:00','https://res.cloudinary.com/dlwy7kulj/image/upload/v1775204528/cloud_abmgyq.png'),(31,'guest021@example.com','guest021','$2a$10$auLcOBgZaWB6P3lnC5f.aOjEt8I.ry6IslhgrEq8MlawN.P0mp.My','Nguyen Van Phuc','0912158380','ROLE_CUSTOMER',1,'2024-01-18 09:00:00','https://res.cloudinary.com/dlwy7kulj/image/upload/v1775204528/cloud_abmgyq.png'),(32,'guest022@example.com','guest022','$2a$10$auLcOBgZaWB6P3lnC5f.aOjEt8I.ry6IslhgrEq8MlawN.P0mp.My','Tran Quoc An','0912166299','ROLE_CUSTOMER',1,'2024-02-06 09:00:00','https://res.cloudinary.com/dlwy7kulj/image/upload/v1775204528/cloud_abmgyq.png'),(33,'guest023@example.com','guest023','$2a$10$auLcOBgZaWB6P3lnC5f.aOjEt8I.ry6IslhgrEq8MlawN.P0mp.My','Le Gia Khoa','0912174218','ROLE_CUSTOMER',1,'2024-02-25 09:00:00','https://res.cloudinary.com/dlwy7kulj/image/upload/v1775204528/cloud_abmgyq.png'),(34,'guest024@example.com','guest024','$2a$10$auLcOBgZaWB6P3lnC5f.aOjEt8I.ry6IslhgrEq8MlawN.P0mp.My','Pham Anh Phuc','0912182137','ROLE_CUSTOMER',1,'2024-03-15 09:00:00','https://res.cloudinary.com/dlwy7kulj/image/upload/v1775204528/cloud_abmgyq.png'),(35,'guest025@example.com','guest025','$2a$10$auLcOBgZaWB6P3lnC5f.aOjEt8I.ry6IslhgrEq8MlawN.P0mp.My','Hoang Minh An','0912190056','ROLE_CUSTOMER',1,'2024-04-03 09:00:00','https://res.cloudinary.com/dlwy7kulj/image/upload/v1775204528/cloud_abmgyq.png'),(36,'guest026@example.com','guest026','$2a$10$auLcOBgZaWB6P3lnC5f.aOjEt8I.ry6IslhgrEq8MlawN.P0mp.My','Phan Hoai Khoa','0912197975','ROLE_CUSTOMER',1,'2024-04-22 09:00:00','https://res.cloudinary.com/dlwy7kulj/image/upload/v1775204528/cloud_abmgyq.png'),(37,'guest027@example.com','guest027','$2a$10$auLcOBgZaWB6P3lnC5f.aOjEt8I.ry6IslhgrEq8MlawN.P0mp.My','Vu Duc Phuc','0912205894','ROLE_CUSTOMER',1,'2024-05-11 09:00:00','https://res.cloudinary.com/dlwy7kulj/image/upload/v1775204528/cloud_abmgyq.png'),(38,'guest028@example.com','guest028','$2a$10$auLcOBgZaWB6P3lnC5f.aOjEt8I.ry6IslhgrEq8MlawN.P0mp.My','Dang Thi An','0912213813','ROLE_CUSTOMER',1,'2024-05-30 09:00:00','https://res.cloudinary.com/dlwy7kulj/image/upload/v1775204528/cloud_abmgyq.png'),(39,'guest029@example.com','guest029','$2a$10$auLcOBgZaWB6P3lnC5f.aOjEt8I.ry6IslhgrEq8MlawN.P0mp.My','Bui Thanh Khoa','0912221732','ROLE_CUSTOMER',1,'2024-06-18 09:00:00','https://res.cloudinary.com/dlwy7kulj/image/upload/v1775204528/cloud_abmgyq.png'),(40,'guest030@example.com','guest030','$2a$10$auLcOBgZaWB6P3lnC5f.aOjEt8I.ry6IslhgrEq8MlawN.P0mp.My','Do Ngoc Phuc','0912229651','ROLE_CUSTOMER',1,'2024-07-07 09:00:00','https://res.cloudinary.com/dlwy7kulj/image/upload/v1775204528/cloud_abmgyq.png'),(41,'guest031@example.com','guest031','$2a$10$auLcOBgZaWB6P3lnC5f.aOjEt8I.ry6IslhgrEq8MlawN.P0mp.My','Nguyen Van An','0912237570','ROLE_CUSTOMER',1,'2024-07-26 09:00:00','https://res.cloudinary.com/dlwy7kulj/image/upload/v1775204528/cloud_abmgyq.png'),(42,'guest032@example.com','guest032','$2a$10$auLcOBgZaWB6P3lnC5f.aOjEt8I.ry6IslhgrEq8MlawN.P0mp.My','Tran Quoc Khoa','0912245489','ROLE_CUSTOMER',1,'2024-08-14 09:00:00','https://res.cloudinary.com/dlwy7kulj/image/upload/v1775204528/cloud_abmgyq.png'),(43,'guest033@example.com','guest033','$2a$10$auLcOBgZaWB6P3lnC5f.aOjEt8I.ry6IslhgrEq8MlawN.P0mp.My','Le Gia Phuc','0912253408','ROLE_CUSTOMER',1,'2024-09-02 09:00:00','https://res.cloudinary.com/dlwy7kulj/image/upload/v1775204528/cloud_abmgyq.png'),(44,'guest034@example.com','guest034','$2a$10$auLcOBgZaWB6P3lnC5f.aOjEt8I.ry6IslhgrEq8MlawN.P0mp.My','Pham Anh An','0912261327','ROLE_CUSTOMER',1,'2024-09-21 09:00:00','https://res.cloudinary.com/dlwy7kulj/image/upload/v1775204528/cloud_abmgyq.png'),(45,'guest035@example.com','guest035','$2a$10$auLcOBgZaWB6P3lnC5f.aOjEt8I.ry6IslhgrEq8MlawN.P0mp.My','Hoang Minh Khoa','0912269246','ROLE_CUSTOMER',1,'2024-10-10 09:00:00','https://res.cloudinary.com/dlwy7kulj/image/upload/v1775204528/cloud_abmgyq.png'),(46,'guest036@example.com','guest036','$2a$10$auLcOBgZaWB6P3lnC5f.aOjEt8I.ry6IslhgrEq8MlawN.P0mp.My','Phan Hoai Phuc','0912277165','ROLE_CUSTOMER',1,'2024-10-29 09:00:00','https://res.cloudinary.com/dlwy7kulj/image/upload/v1775204528/cloud_abmgyq.png'),(47,'guest037@example.com','guest037','$2a$10$auLcOBgZaWB6P3lnC5f.aOjEt8I.ry6IslhgrEq8MlawN.P0mp.My','Vu Duc An','0912285084','ROLE_CUSTOMER',1,'2024-11-17 09:00:00','https://res.cloudinary.com/dlwy7kulj/image/upload/v1775204528/cloud_abmgyq.png'),(48,'guest038@example.com','guest038','$2a$10$auLcOBgZaWB6P3lnC5f.aOjEt8I.ry6IslhgrEq8MlawN.P0mp.My','Dang Thi Khoa','0912293003','ROLE_CUSTOMER',1,'2024-12-06 09:00:00','https://res.cloudinary.com/dlwy7kulj/image/upload/v1775204528/cloud_abmgyq.png'),(49,'guest039@example.com','guest039','$2a$10$auLcOBgZaWB6P3lnC5f.aOjEt8I.ry6IslhgrEq8MlawN.P0mp.My','Bui Thanh Phuc','0912300922','ROLE_CUSTOMER',1,'2024-12-25 09:00:00','https://res.cloudinary.com/dlwy7kulj/image/upload/v1775204528/cloud_abmgyq.png'),(50,'guest040@example.com','guest040','$2a$10$auLcOBgZaWB6P3lnC5f.aOjEt8I.ry6IslhgrEq8MlawN.P0mp.My','Do Ngoc An','0912308841','ROLE_CUSTOMER',1,'2025-01-13 09:00:00','https://res.cloudinary.com/dlwy7kulj/image/upload/v1775204528/cloud_abmgyq.png'),(51,'guest041@example.com','guest041','$2a$10$auLcOBgZaWB6P3lnC5f.aOjEt8I.ry6IslhgrEq8MlawN.P0mp.My','Nguyen Van Khoa','0912316760','ROLE_CUSTOMER',1,'2025-02-01 09:00:00','https://res.cloudinary.com/dlwy7kulj/image/upload/v1775204528/cloud_abmgyq.png'),(52,'guest042@example.com','guest042','$2a$10$auLcOBgZaWB6P3lnC5f.aOjEt8I.ry6IslhgrEq8MlawN.P0mp.My','Tran Quoc Phuc','0912324679','ROLE_CUSTOMER',1,'2025-02-20 09:00:00','https://res.cloudinary.com/dlwy7kulj/image/upload/v1775204528/cloud_abmgyq.png'),(53,'guest043@example.com','guest043','$2a$10$auLcOBgZaWB6P3lnC5f.aOjEt8I.ry6IslhgrEq8MlawN.P0mp.My','Le Gia An','0912332598','ROLE_CUSTOMER',1,'2025-03-11 09:00:00','https://res.cloudinary.com/dlwy7kulj/image/upload/v1775204528/cloud_abmgyq.png'),(54,'guest044@example.com','guest044','$2a$10$auLcOBgZaWB6P3lnC5f.aOjEt8I.ry6IslhgrEq8MlawN.P0mp.My','Pham Anh Khoa','0912340517','ROLE_CUSTOMER',1,'2025-03-30 09:00:00','https://res.cloudinary.com/dlwy7kulj/image/upload/v1775204528/cloud_abmgyq.png'),(55,'guest045@example.com','guest045','$2a$10$auLcOBgZaWB6P3lnC5f.aOjEt8I.ry6IslhgrEq8MlawN.P0mp.My','Hoang Minh Phuc','0912348436','ROLE_CUSTOMER',1,'2025-04-18 09:00:00','https://res.cloudinary.com/dlwy7kulj/image/upload/v1775204528/cloud_abmgyq.png'),(56,'guest046@example.com','guest046','$2a$10$auLcOBgZaWB6P3lnC5f.aOjEt8I.ry6IslhgrEq8MlawN.P0mp.My','Phan Hoai An','0912356355','ROLE_CUSTOMER',1,'2025-05-07 09:00:00','https://res.cloudinary.com/dlwy7kulj/image/upload/v1775204528/cloud_abmgyq.png'),(57,'guest047@example.com','guest047','$2a$10$auLcOBgZaWB6P3lnC5f.aOjEt8I.ry6IslhgrEq8MlawN.P0mp.My','Vu Duc Khoa','0912364274','ROLE_CUSTOMER',1,'2025-05-26 09:00:00','https://res.cloudinary.com/dlwy7kulj/image/upload/v1775204528/cloud_abmgyq.png'),(58,'guest048@example.com','guest048','$2a$10$auLcOBgZaWB6P3lnC5f.aOjEt8I.ry6IslhgrEq8MlawN.P0mp.My','Dang Thi Phuc','0912372193','ROLE_CUSTOMER',1,'2025-06-14 09:00:00','https://res.cloudinary.com/dlwy7kulj/image/upload/v1775204528/cloud_abmgyq.png'),(59,'guest049@example.com','guest049','$2a$10$auLcOBgZaWB6P3lnC5f.aOjEt8I.ry6IslhgrEq8MlawN.P0mp.My','Bui Thanh An','0912380112','ROLE_CUSTOMER',1,'2025-07-03 09:00:00','https://res.cloudinary.com/dlwy7kulj/image/upload/v1775204528/cloud_abmgyq.png'),(60,'guest050@example.com','guest050','$2a$10$auLcOBgZaWB6P3lnC5f.aOjEt8I.ry6IslhgrEq8MlawN.P0mp.My','Do Ngoc Khoa','0912388031','ROLE_CUSTOMER',1,'2025-07-22 09:00:00','https://res.cloudinary.com/dlwy7kulj/image/upload/v1775204528/cloud_abmgyq.png'),(61,'guest051@example.com','guest051','$2a$10$auLcOBgZaWB6P3lnC5f.aOjEt8I.ry6IslhgrEq8MlawN.P0mp.My','Nguyen Van Phuc','0912395950','ROLE_CUSTOMER',1,'2025-08-10 09:00:00','https://res.cloudinary.com/dlwy7kulj/image/upload/v1775204528/cloud_abmgyq.png'),(62,'guest052@example.com','guest052','$2a$10$auLcOBgZaWB6P3lnC5f.aOjEt8I.ry6IslhgrEq8MlawN.P0mp.My','Tran Quoc An','0912403869','ROLE_CUSTOMER',1,'2025-08-29 09:00:00','https://res.cloudinary.com/dlwy7kulj/image/upload/v1775204528/cloud_abmgyq.png'),(63,'guest053@example.com','guest053','$2a$10$auLcOBgZaWB6P3lnC5f.aOjEt8I.ry6IslhgrEq8MlawN.P0mp.My','Le Gia Khoa','0912411788','ROLE_CUSTOMER',1,'2025-09-17 09:00:00','https://res.cloudinary.com/dlwy7kulj/image/upload/v1775204528/cloud_abmgyq.png'),(64,'guest054@example.com','guest054','$2a$10$auLcOBgZaWB6P3lnC5f.aOjEt8I.ry6IslhgrEq8MlawN.P0mp.My','Pham Anh Phuc','0912419707','ROLE_CUSTOMER',1,'2025-10-06 09:00:00','https://res.cloudinary.com/dlwy7kulj/image/upload/v1775204528/cloud_abmgyq.png'),(65,'guest055@example.com','guest055','$2a$10$auLcOBgZaWB6P3lnC5f.aOjEt8I.ry6IslhgrEq8MlawN.P0mp.My','Hoang Minh An','0912427626','ROLE_CUSTOMER',1,'2025-10-25 09:00:00','https://res.cloudinary.com/dlwy7kulj/image/upload/v1775204528/cloud_abmgyq.png'),(66,'guest056@example.com','guest056','$2a$10$auLcOBgZaWB6P3lnC5f.aOjEt8I.ry6IslhgrEq8MlawN.P0mp.My','Phan Hoai Khoa','0912435545','ROLE_CUSTOMER',1,'2025-11-13 09:00:00','https://res.cloudinary.com/dlwy7kulj/image/upload/v1775204528/cloud_abmgyq.png'),(67,'guest057@example.com','guest057','$2a$10$auLcOBgZaWB6P3lnC5f.aOjEt8I.ry6IslhgrEq8MlawN.P0mp.My','Vu Duc Phuc','0912443464','ROLE_CUSTOMER',1,'2025-12-02 09:00:00','https://res.cloudinary.com/dlwy7kulj/image/upload/v1775204528/cloud_abmgyq.png'),(68,'guest058@example.com','guest058','$2a$10$auLcOBgZaWB6P3lnC5f.aOjEt8I.ry6IslhgrEq8MlawN.P0mp.My','Dang Thi An','0912451383','ROLE_CUSTOMER',1,'2025-12-21 09:00:00','https://res.cloudinary.com/dlwy7kulj/image/upload/v1775204528/cloud_abmgyq.png'),(69,'guest059@example.com','guest059','$2a$10$auLcOBgZaWB6P3lnC5f.aOjEt8I.ry6IslhgrEq8MlawN.P0mp.My','Bui Thanh Khoa','0912459302','ROLE_CUSTOMER',1,'2026-01-09 09:00:00','https://res.cloudinary.com/dlwy7kulj/image/upload/v1775204528/cloud_abmgyq.png'),(70,'guest060@example.com','guest060','$2a$10$auLcOBgZaWB6P3lnC5f.aOjEt8I.ry6IslhgrEq8MlawN.P0mp.My','Do Ngoc Phuc','0912467221','ROLE_CUSTOMER',1,'2026-01-28 09:00:00','https://res.cloudinary.com/dlwy7kulj/image/upload/v1775204528/cloud_abmgyq.png');
/*!40000 ALTER TABLE `user` ENABLE KEYS */;
UNLOCK TABLES;
/*!40103 SET TIME_ZONE=@OLD_TIME_ZONE */;

/*!40101 SET SQL_MODE=@OLD_SQL_MODE */;
/*!40014 SET FOREIGN_KEY_CHECKS=@OLD_FOREIGN_KEY_CHECKS */;
/*!40014 SET UNIQUE_CHECKS=@OLD_UNIQUE_CHECKS */;
/*!40101 SET CHARACTER_SET_CLIENT=@OLD_CHARACTER_SET_CLIENT */;
/*!40101 SET CHARACTER_SET_RESULTS=@OLD_CHARACTER_SET_RESULTS */;
/*!40101 SET COLLATION_CONNECTION=@OLD_COLLATION_CONNECTION */;
/*!40111 SET SQL_NOTES=@OLD_SQL_NOTES */;

-- Dump completed on 2026-05-27  9:43:03
